case_id,case_type,reference_decision,llm_decision,rationale,raw_output,error
CASE_0061,BORDERLINE,APPROVE,APPROVE,"The applicant shows a low debt‑to‑income ratio (28.8%), stable employment (4.2 years), a solid credit history (4.7 years) with no defaults, and the requested loan amount is reasonable relative to income. These factors meet typical underwriting standards.","{""decision"":""APPROVE"",""rationale"":""The applicant shows a low debt‑to‑income ratio (28.8%), stable employment (4.2 years), a solid credit history (4.7 years) with no defaults, and the requested loan amount is reasonable relative to income. These factors meet typical underwriting standards.""}",
CASE_0062,BORDERLINE,REJECT,REJECT,"Although the debt‑to‑income ratio is moderate, the applicant has a prior default, a short credit history (3.4 years) and only 2 years of employment, making the large requested loan of 33,281 risky relative to the modest income of 3,332.","{""decision"":""REJECT"",""rationale"":""Although the debt‑to‑income ratio is moderate, the applicant has a prior default, a short credit history (3.4 years) and only 2 years of employment, making the large requested loan of 33,281 risky relative to the modest income of 3,332.""}",
CASE_0063,BORDERLINE,APPROVE,APPROVE,"The applicant shows a moderate debt‑to‑income ratio (32.3%), stable employment (3.4 years) and credit history (3 years) with no defaults, supporting approval of the $31,126 request.","{""decision"":""APPROVE"",""rationale"":""The applicant shows a moderate debt‑to‑income ratio (32.3%), stable employment (3.4 years) and credit history (3 years) with no defaults, supporting approval of the $31,126 request.""}",
CASE_0064,BORDERLINE,APPROVE,APPROVE,"The applicant shows a healthy debt-to-income ratio (32.5%), stable employment (3.3 years), a solid credit history (3.6 years) with no defaults, and the loan amount is modest relative to annual income.","{""decision"":""APPROVE"",""rationale"":""The applicant shows a healthy debt-to-income ratio (32.5%), stable employment (3.3 years), a solid credit history (3.6 years) with no defaults, and the loan amount is modest relative to annual income.""}",
CASE_0065,BORDERLINE,APPROVE,APPROVE,"The applicant shows a solid employment history (4.5 years), a reasonable credit history length (4.5 years) with no defaults, and a debt‑to‑income ratio of 38.3%, which is within typical acceptable limits. The requested amount is proportionate to income, resulting in no major risk indicators.","{""decision"":""APPROVE"",""rationale"":""The applicant shows a solid employment history (4.5 years), a reasonable credit history length (4.5 years) with no defaults, and a debt‑to‑income ratio of 38.3%, which is within typical acceptable limits. The requested amount is proportionate to income, resulting in no major risk indicators.""}",
CASE_0066,BORDERLINE,APPROVE,APPROVE,"The applicant shows a moderate debt‑to‑income ratio (35.5%), stable employment (3+ years), a solid credit history (4 years) with no defaults, making the requested loan of 12,927 acceptable.","{""decision"":""APPROVE"",""rationale"":""The applicant shows a moderate debt‑to‑income ratio (35.5%), stable employment (3+ years), a solid credit history (4 years) with no defaults, making the requested loan of 12,927 acceptable.""}",
CASE_0067,BORDERLINE,REJECT,REJECT,"Although the debt-to-income ratio is acceptable, the applicant has a recent default and relatively short employment (2.8 years) and credit history (4.4 years), which together raise significant credit risk for the requested amount.","{
  ""decision"": ""REJECT"",
  ""rationale"": ""Although the debt-to-income ratio is acceptable, the applicant has a recent default and relatively short employment (2.8 years) and credit history (4.4 years), which together raise significant credit risk for the requested amount.""
}",
CASE_0068,BORDERLINE,APPROVE,APPROVE,"DTI of 34.7% is within typical acceptable limits, employment and credit history are stable (>3 years), no prior defaults, and the requested amount is reasonable relative to income.","{""decision"":""APPROVE"",""rationale"":""DTI of 34.7% is within typical acceptable limits, employment and credit history are stable (>3 years), no prior defaults, and the requested amount is reasonable relative to income.""}",
CASE_0069,BORDERLINE,APPROVE,APPROVE,"The applicant shows a moderate debt‑to‑income ratio (37.4%), no prior defaults, over two years of employment and nearly four years of credit history, and the loan amount is reasonable relative to the reported income.","{""decision"":""APPROVE"",""rationale"":""The applicant shows a moderate debt‑to‑income ratio (37.4%), no prior defaults, over two years of employment and nearly four years of credit history, and the loan amount is reasonable relative to the reported income.""}",
CASE_0070,BORDERLINE,APPROVE,APPROVE,"DTI is 29.8% (below typical 36% threshold), no defaults, 2 years of employment and nearly 3 years of credit history indicate reasonable stability, and income comfortably supports the $26,447 request.","{""decision"":""APPROVE"",""rationale"":""DTI is 29.8% (below typical 36% threshold), no defaults, 2 years of employment and nearly 3 years of credit history indicate reasonable stability, and income comfortably supports the $26,447 request.""}",
CASE_0071,BORDERLINE,APPROVE,APPROVE,"The applicant shows stable employment (3.2 years) and a clean default record. Although the debt‑to‑income ratio is slightly high at 43%, the requested loan ($28,220) is modest relative to the annual income (~$94k) and the overall credit history (4.2 years) is acceptable. These factors together support approval.","{""decision"":""APPROVE"",""rationale"":""The applicant shows stable employment (3.2 years) and a clean default record. Although the debt‑to‑income ratio is slightly high at 43%, the requested loan ($28,220) is modest relative to the annual income (~$94k) and the overall credit history (4.2 years) is acceptable. These factors together support approval.""}",
CASE_0072,BORDERLINE,APPROVE,APPROVE,"The applicant shows a healthy debt‑to‑income ratio (28.9%), stable employment (3 years), a reasonable credit history length (2.6 years) with no defaults, and sufficient income to support the requested $20,465 loan.","{""decision"":""APPROVE"",""rationale"":""The applicant shows a healthy debt‑to‑income ratio (28.9%), stable employment (3 years), a reasonable credit history length (2.6 years) with no defaults, and sufficient income to support the requested $20,465 loan.""}",
CASE_0073,BORDERLINE,APPROVE,REJECT,"The applicant’s debt‑to‑income ratio is 44.6%, which exceeds typical acceptable limits (≈36‑43%). Combined with relatively short employment tenure (2.3 years) and only modest credit‑history length, the risk of adding a $33,041 loan is high, leading to a rejection.","{""decision"":""REJECT"",""rationale"":""The applicant’s debt‑to‑income ratio is 44.6%, which exceeds typical acceptable limits (≈36‑43%). Combined with relatively short employment tenure (2.3 years) and only modest credit‑history length, the risk of adding a $33,041 loan is high, leading to a rejection.""}",
CASE_0074,BORDERLINE,APPROVE,APPROVE,"DTI is below 30%, employment and credit history lengths are adequate, and there are no defaults, supporting approval of the requested amount.","{""decision"":""APPROVE"",""rationale"":""DTI is below 30%, employment and credit history lengths are adequate, and there are no defaults, supporting approval of the requested amount.""}",
CASE_0075,BORDERLINE,APPROVE,REJECT,"The applicant has a high debt‑to‑income ratio (43.2%), short credit history (2.4 years) and limited employment tenure (2.8 years), and the requested loan exceeds their income level, indicating elevated risk.","{""decision"":""REJECT"",""rationale"":""The applicant has a high debt‑to‑income ratio (43.2%), short credit history (2.4 years) and limited employment tenure (2.8 years), and the requested loan exceeds their income level, indicating elevated risk.""}",
CASE_0076,BORDERLINE,APPROVE,REJECT,"DTI of 44% exceeds typical safe thresholds and both employment (2.6 yr) and credit history (3.8 yr) are relatively short, indicating higher risk despite no defaults.","{""decision"":""REJECT"",""rationale"":""DTI of 44% exceeds typical safe thresholds and both employment (2.6 yr) and credit history (3.8 yr) are relatively short, indicating higher risk despite no defaults.""}",
CASE_0077,BORDERLINE,REJECT,REJECT,"The applicant has a high debt‑to‑income ratio (45.6%), a short credit history (2.3 years) and limited employment tenure (2.8 years), making the risk profile too high for the requested loan amount.","{""decision"":""REJECT"",""rationale"":""The applicant has a high debt‑to‑income ratio (45.6%), a short credit history (2.3 years) and limited employment tenure (2.8 years), making the risk profile too high for the requested loan amount.""}",
CASE_0078,BORDERLINE,APPROVE,APPROVE,"The applicant shows a stable employment history (3.9 years), a clean credit record (no defaults) and a moderate debt‑to‑income ratio (42.4%). The requested loan amount is roughly 2.2 months of income, which is within typical affordability limits. Hence the application meets standard credit criteria.","{""decision"":""APPROVE"",""rationale"":""The applicant shows a stable employment history (3.9 years), a clean credit record (no defaults) and a moderate debt‑to‑income ratio (42.4%). The requested loan amount is roughly 2.2 months of income, which is within typical affordability limits. Hence the application meets standard credit criteria.""}",
CASE_0079,BORDERLINE,APPROVE,APPROVE,"DTI is within acceptable range (42%), employment and credit history exceed two years, no defaults, and income appears sufficient to support the requested amount.","{""decision"":""APPROVE"",""rationale"":""DTI is within acceptable range (42%), employment and credit history exceed two years, no defaults, and income appears sufficient to support the requested amount.""}",
CASE_0080,BORDERLINE,APPROVE,APPROVE,"DTI is below typical 43% threshold, solid employment and credit history length, no defaults, and the loan amount is reasonable relative to income.","{""decision"":""APPROVE"",""rationale"":""DTI is below typical 43% threshold, solid employment and credit history length, no defaults, and the loan amount is reasonable relative to income.""}",
CASE_0001,CLEAR_APPROVE,APPROVE,APPROVE,"Low debt-to-income (13.4%), stable long‑term employment (13 years), solid credit history (9.2 years) and no defaults indicate strong repayment capacity for the $6,700 request.","{""decision"":""APPROVE"",""rationale"":""Low debt-to-income (13.4%), stable long‑term employment (13 years), solid credit history (9.2 years) and no defaults indicate strong repayment capacity for the $6,700 request.""}",
CASE_0002,CLEAR_APPROVE,APPROVE,APPROVE,"Low debt-to-income (18.3%), stable employment (8.9 years) and credit history (9.4 years), no defaults, and a modest loan request relative to income support approval.","{""decision"":""APPROVE"",""rationale"":""Low debt-to-income (18.3%), stable employment (8.9 years) and credit history (9.4 years), no defaults, and a modest loan request relative to income support approval.""}",
CASE_0003,CLEAR_APPROVE,APPROVE,APPROVE,"Low debt-to-income (11%), strong employment (7.9 years) and credit history (14.9 years) with no defaults make the applicant financially sound for the requested amount.","{""decision"":""APPROVE"",""rationale"":""Low debt-to-income (11%), strong employment (7.9 years) and credit history (14.9 years) with no defaults make the applicant financially sound for the requested amount.""}",
CASE_0004,CLEAR_APPROVE,APPROVE,APPROVE,"Low debt-to-income (22.4%), long employment (11.8 yr) and credit history (13.4 yr), no defaults, and a modest loan request relative to income support approval.","{""decision"":""APPROVE"",""rationale"":""Low debt-to-income (22.4%), long employment (11.8 yr) and credit history (13.4 yr), no defaults, and a modest loan request relative to income support approval.""}",
CASE_0005,CLEAR_APPROVE,APPROVE,APPROVE,"Low debt-to-income (19.5%), long credit history (16.8 yr), stable employment (6.4 yr), no defaults and sufficient income make the applicant a low risk for the $15,265 loan.","{""decision"":""APPROVE"",""rationale"":""Low debt-to-income (19.5%), long credit history (16.8 yr), stable employment (6.4 yr), no defaults and sufficient income make the applicant a low risk for the $15,265 loan.""}",
CASE_0006,CLEAR_APPROVE,APPROVE,APPROVE,"Low debt-to-income (21.4%), stable 7‑year employment, 15‑year credit history, no defaults, and a modest $6,900 request relative to $12,728 income support approval.","{""decision"":""APPROVE"",""rationale"":""Low debt-to-income (21.4%), stable 7‑year employment, 15‑year credit history, no defaults, and a modest $6,900 request relative to $12,728 income support approval.""}",
CASE_0007,CLEAR_APPROVE,APPROVE,APPROVE,"Low debt-to-income (15.3%), stable employment (5+ years), long credit history (11 years) and no defaults indicate strong creditworthiness; the requested amount is reasonable relative to income.","{""decision"":""APPROVE"",""rationale"":""Low debt-to-income (15.3%), stable employment (5+ years), long credit history (11 years) and no defaults indicate strong creditworthiness; the requested amount is reasonable relative to income.""}",
CASE_0008,CLEAR_APPROVE,APPROVE,APPROVE,"The applicant shows strong employment stability (12.9 years), a long credit history (17.2 years) with no defaults, and a low debt‑to‑income ratio (24.6%). The requested loan amount is modest relative to income, indicating acceptable risk.","{""decision"":""APPROVE"",""rationale"":""The applicant shows strong employment stability (12.9 years), a long credit history (17.2 years) with no defaults, and a low debt‑to‑income ratio (24.6%). The requested loan amount is modest relative to income, indicating acceptable risk.""}",
CASE_0009,CLEAR_APPROVE,APPROVE,APPROVE,"Low debt-to-income (23.4%), stable long‑term employment (11.6 years) and credit history (7.5 years) with no defaults indicate strong repayment capacity for the $10,046 request.","{""decision"":""APPROVE"",""rationale"":""Low debt-to-income (23.4%), stable long‑term employment (11.6 years) and credit history (7.5 years) with no defaults indicate strong repayment capacity for the $10,046 request.""}",
CASE_0010,CLEAR_APPROVE,APPROVE,APPROVE,"Low debt-to-income (21.7%), long employment (12.1 yr), solid credit history (5.3 yr) and no defaults indicate strong repayment capacity for the $18,247 request.","{""decision"":""APPROVE"",""rationale"":""Low debt-to-income (21.7%), long employment (12.1 yr), solid credit history (5.3 yr) and no defaults indicate strong repayment capacity for the $18,247 request.""}",
CASE_0011,CLEAR_APPROVE,APPROVE,APPROVE,"Low debt-to-income (12.9%), long employment (12.8 yr) and credit history (6.4 yr), no defaults, and a modest loan relative to income support approval.","{""decision"":""APPROVE"",""rationale"":""Low debt-to-income (12.9%), long employment (12.8 yr) and credit history (6.4 yr), no defaults, and a modest loan relative to income support approval.""}",
CASE_0012,CLEAR_APPROVE,APPROVE,APPROVE,"Low debt-to-income (0.17), long employment (9.6 yr) and credit history (15.8 yr), no defaults, and requested amount is modest relative to income, indicating strong repayment capacity.","{""decision"":""APPROVE"",""rationale"":""Low debt-to-income (0.17), long employment (9.6 yr) and credit history (15.8 yr), no defaults, and requested amount is modest relative to income, indicating strong repayment capacity.""}",
CASE_0013,CLEAR_APPROVE,APPROVE,APPROVE,"Low debt-to-income (10.7%), long employment (10.7 yr) and credit history (11.9 yr), and no defaults indicate strong repayment capacity relative to the $14,673 request.","{""decision"":""APPROVE"",""rationale"":""Low debt-to-income (10.7%), long employment (10.7 yr) and credit history (11.9 yr), and no defaults indicate strong repayment capacity relative to the $14,673 request.""}",
CASE_0014,CLEAR_APPROVE,APPROVE,APPROVE,"Low debt-to-income (12.3%), solid employment (6.4 yr) and credit history (7.4 yr), no defaults, and a modest loan request relative to income support approval.","{""decision"":""APPROVE"",""rationale"":""Low debt-to-income (12.3%), solid employment (6.4 yr) and credit history (7.4 yr), no defaults, and a modest loan request relative to income support approval.""}",
CASE_0015,CLEAR_APPROVE,APPROVE,APPROVE,"Low debt-to-income ratio (20.2%), stable 6+ years employment, 12.5 years credit history, no defaults, and income sufficient to support the $14,989 request.","{""decision"":""APPROVE"",""rationale"":""Low debt-to-income ratio (20.2%), stable 6+ years employment, 12.5 years credit history, no defaults, and income sufficient to support the $14,989 request.""}",
CASE_0016,CLEAR_APPROVE,APPROVE,APPROVE,"Low debt-to-income (21.2%), long employment (11.7 yr) and credit history (7.3 yr), no defaults, and a modest loan request relative to income support approval.","{""decision"":""APPROVE"",""rationale"":""Low debt-to-income (21.2%), long employment (11.7 yr) and credit history (7.3 yr), no defaults, and a modest loan request relative to income support approval.""}",
CASE_0017,CLEAR_APPROVE,APPROVE,APPROVE,"Strong credit history (15.4 years) and stable employment (9.7 years), no defaults, low debt-to-income ratio (24.5%), and income sufficient to support the requested amount.","{""decision"":""APPROVE"",""rationale"":""Strong credit history (15.4 years) and stable employment (9.7 years), no defaults, low debt-to-income ratio (24.5%), and income sufficient to support the requested amount.""}",
CASE_0018,CLEAR_APPROVE,APPROVE,APPROVE,"Low debt-to-income (14.9%), long employment (10.7 years) and credit history (11.7 years), and no defaults indicate strong repayment capacity; the requested amount is reasonable relative to income.","{""decision"":""APPROVE"",""rationale"":""Low debt-to-income (14.9%), long employment (10.7 years) and credit history (11.7 years), and no defaults indicate strong repayment capacity; the requested amount is reasonable relative to income.""}",
CASE_0019,CLEAR_APPROVE,APPROVE,APPROVE,"Strong income, low debt-to-income (15.6%), long employment and credit history, and no defaults indicate low risk for the requested amount.","{""decision"":""APPROVE"",""rationale"":""Strong income, low debt-to-income (15.6%), long employment and credit history, and no defaults indicate low risk for the requested amount.""}",
CASE_0020,CLEAR_APPROVE,APPROVE,APPROVE,"Low debt-to-income (0.17), stable long-term employment (11.3 years) and credit history (9.5 years), no defaults, and the requested amount is reasonable relative to income.","{""decision"":""APPROVE"",""rationale"":""Low debt-to-income (0.17), stable long-term employment (11.3 years) and credit history (9.5 years), no defaults, and the requested amount is reasonable relative to income.""}",
CASE_0021,CLEAR_APPROVE,APPROVE,APPROVE,"Low debt-to-income (12.8%), strong employment (10.5 yr) and credit history (14.5 yr), no defaults, and requested amount is modest relative to income.","{""decision"":""APPROVE"",""rationale"":""Low debt-to-income (12.8%), strong employment (10.5 yr) and credit history (14.5 yr), no defaults, and requested amount is modest relative to income.""}",
CASE_0022,CLEAR_APPROVE,APPROVE,APPROVE,"Low debt-to-income (11.9%), long stable employment (10.6 yr) and credit history (10.4 yr) with no defaults, and a modest loan request relative to income support approval.","{""decision"":""APPROVE"",""rationale"":""Low debt-to-income (11.9%), long stable employment (10.6 yr) and credit history (10.4 yr) with no defaults, and a modest loan request relative to income support approval.""}",
CASE_0023,CLEAR_APPROVE,APPROVE,APPROVE,"Low debt-to-income (17.1%), stable 8-year employment, 6.3-year credit history, no defaults, and a modest loan request relative to income support approval.","{""decision"":""APPROVE"",""rationale"":""Low debt-to-income (17.1%), stable 8-year employment, 6.3-year credit history, no defaults, and a modest loan request relative to income support approval.""}",
CASE_0024,CLEAR_APPROVE,APPROVE,APPROVE,"Low debt-to-income (13.4%), solid employment (5.3 yr) and credit history (6.8 yr) with no defaults indicate strong repayment capacity despite requested amount exceeding monthly income.","{""decision"":""APPROVE"",""rationale"":""Low debt-to-income (13.4%), solid employment (5.3 yr) and credit history (6.8 yr) with no defaults indicate strong repayment capacity despite requested amount exceeding monthly income.""}",
CASE_0025,CLEAR_APPROVE,APPROVE,APPROVE,"Low debt-to-income ratio (20%), long employment (9.4 years) and credit history (19.4 years), and no defaults indicate strong repayment capacity; the requested amount is reasonable relative to income.","{""decision"":""APPROVE"",""rationale"":""Low debt-to-income ratio (20%), long employment (9.4 years) and credit history (19.4 years), and no defaults indicate strong repayment capacity; the requested amount is reasonable relative to income.""}",
CASE_0026,CLEAR_APPROVE,APPROVE,APPROVE,"Low debt-to-income (16.6%), long credit and employment history, no defaults, and modest request relative to financial profile support approval.","{""decision"":""APPROVE"",""rationale"":""Low debt-to-income (16.6%), long credit and employment history, no defaults, and modest request relative to financial profile support approval.""}",
CASE_0027,CLEAR_APPROVE,APPROVE,APPROVE,"Low debt-to-income (22.5%), long employment (9+ years) and credit history (15.5 years) with no defaults indicate strong creditworthiness; the requested amount is reasonable relative to income.","{""decision"":""APPROVE"",""rationale"":""Low debt-to-income (22.5%), long employment (9+ years) and credit history (15.5 years) with no defaults indicate strong creditworthiness; the requested amount is reasonable relative to income.""}",
CASE_0028,CLEAR_APPROVE,APPROVE,APPROVE,"Low debt-to-income (20.5%), long employment (13.5 yr) and credit history (9 yr) with no defaults indicate strong repayment capacity for the $9,778 request.","{""decision"":""APPROVE"",""rationale"":""Low debt-to-income (20.5%), long employment (13.5 yr) and credit history (9 yr) with no defaults indicate strong repayment capacity for the $9,778 request.""}",
CASE_0029,CLEAR_APPROVE,APPROVE,APPROVE,"Low debt-to-income (14.7%), long credit and employment history, no defaults, and requested amount is modest relative to income.","{""decision"":""APPROVE"",""rationale"":""Low debt-to-income (14.7%), long credit and employment history, no defaults, and requested amount is modest relative to income.""}",
CASE_0030,CLEAR_APPROVE,APPROVE,APPROVE,"The applicant shows a low debt‑to‑income ratio (22.5%), a long credit history (16.7 years) with no defaults, and stable employment (5.6 years). These factors indicate strong creditworthiness, supporting approval of the requested amount.","{""decision"":""APPROVE"",""rationale"":""The applicant shows a low debt‑to‑income ratio (22.5%), a long credit history (16.7 years) with no defaults, and stable employment (5.6 years). These factors indicate strong creditworthiness, supporting approval of the requested amount.""}",
CASE_0031,CLEAR_REJECT,REJECT,REJECT,"High risk due to very short employment and credit history, a prior default, and a high debt-to-income ratio relative to the modest income and large loan request","{""decision"":""REJECT"",""rationale"":""High risk due to very short employment and credit history, a prior default, and a high debt-to-income ratio relative to the modest income and large loan request""}",
CASE_0032,CLEAR_REJECT,REJECT,REJECT,"High debt-to-income ratio (64.2%) combined with short employment (1.7 years) and limited credit history (1.7 years) suggest insufficient repayment capacity for the $51,111 request.","{""decision"":""REJECT"",""rationale"":""High debt-to-income ratio (64.2%) combined with short employment (1.7 years) and limited credit history (1.7 years) suggest insufficient repayment capacity for the $51,111 request.""}",
CASE_0033,CLEAR_REJECT,REJECT,REJECT,"High debt-to-income (55%), low income relative to requested amount, short employment and credit history, and a prior default make the applicant high risk.","{""decision"":""REJECT"",""rationale"":""High debt-to-income (55%), low income relative to requested amount, short employment and credit history, and a prior default make the applicant high risk.""}",
CASE_0034,CLEAR_REJECT,REJECT,REJECT,"High debt-to-income (60.9%), less than one year of employment and credit history, and a prior default make the applicant too risky for the requested amount.","{""decision"":""REJECT"",""rationale"":""High debt-to-income (60.9%), less than one year of employment and credit history, and a prior default make the applicant too risky for the requested amount.""}",
CASE_0035,CLEAR_REJECT,REJECT,REJECT,High debt-to-income (47.6%) combined with very short employment (1.9 years) and credit history (1.1 years) makes the applicant high risk despite no defaults.,"{""decision"":""REJECT"",""rationale"":""High debt-to-income (47.6%) combined with very short employment (1.9 years) and credit history (1.1 years) makes the applicant high risk despite no defaults.""}",
CASE_0036,CLEAR_REJECT,REJECT,REJECT,"High debt-to-income (55.2%) combined with less than one year of employment and only 2.1 years of credit history make the applicant a high risk despite no defaults, so the loan should be rejected.","{""decision"":""REJECT"",""rationale"":""High debt-to-income (55.2%) combined with less than one year of employment and only 2.1 years of credit history make the applicant a high risk despite no defaults, so the loan should be rejected.""}",
CASE_0037,CLEAR_REJECT,REJECT,REJECT,"High debt-to-income (55.3%), short employment (1.1 yr) and credit history (2.4 yr), plus a prior default, make the applicant a high risk for the requested loan.","{""decision"":""REJECT"",""rationale"":""High debt-to-income (55.3%), short employment (1.1 yr) and credit history (2.4 yr), plus a prior default, make the applicant a high risk for the requested loan.""}",
CASE_0038,CLEAR_REJECT,REJECT,REJECT,"High debt-to-income ratio, short employment and credit history, and a prior default make the applicant high risk for the requested amount.","{""decision"":""REJECT"",""rationale"":""High debt-to-income ratio, short employment and credit history, and a prior default make the applicant high risk for the requested amount.""}",
CASE_0039,CLEAR_REJECT,REJECT,REJECT,"High debt-to-income (56.9%), short employment (1.9 yr) and credit history (0.8 yr), a prior default, and a large loan request relative to income indicate high credit risk.","{""decision"":""REJECT"",""rationale"":""High debt-to-income (56.9%), short employment (1.9 yr) and credit history (0.8 yr), a prior default, and a large loan request relative to income indicate high credit risk.""}",
CASE_0040,CLEAR_REJECT,REJECT,REJECT,"Low income and short employment/credit history, existing default, high debt‑to‑income ratio, and a loan request far exceeding earnings make the applicant high risk.","{""decision"":""REJECT"",""rationale"":""Low income and short employment/credit history, existing default, high debt‑to‑income ratio, and a loan request far exceeding earnings make the applicant high risk.""}",
CASE_0041,CLEAR_REJECT,REJECT,REJECT,"High debt-to-income (51%), very short employment (0.3 yr) and credit history (1 yr), plus a prior default make the applicant high risk for the requested loan.","{""decision"":""REJECT"",""rationale"":""High debt-to-income (51%), very short employment (0.3 yr) and credit history (1 yr), plus a prior default make the applicant high risk for the requested loan.""}",
CASE_0042,CLEAR_REJECT,REJECT,REJECT,"High debt-to-income (52.3%), only 1 year of employment, less than a year of credit history, a prior default, and a large loan request relative to income indicate significant credit risk.","{""decision"":""REJECT"",""rationale"":""High debt-to-income (52.3%), only 1 year of employment, less than a year of credit history, a prior default, and a large loan request relative to income indicate significant credit risk.""}",
CASE_0043,CLEAR_REJECT,REJECT,REJECT,"High debt-to-income ratio (55.9%), short credit history, a prior default, and limited employment tenure make the applicant high risk for the requested loan amount.","{""decision"":""REJECT"",""rationale"":""High debt-to-income ratio (55.9%), short credit history, a prior default, and limited employment tenure make the applicant high risk for the requested loan amount.""}",
CASE_0044,CLEAR_REJECT,REJECT,REJECT,High debt-to-income (54.3%) combined with short employment (1.8 years) and very limited credit history (0.7 years) indicate elevated risk despite no defaults.,"{""decision"":""REJECT"",""rationale"":""High debt-to-income (54.3%) combined with short employment (1.8 years) and very limited credit history (0.7 years) indicate elevated risk despite no defaults.""}",
CASE_0045,CLEAR_REJECT,REJECT,APPROVE,"The applicant has a moderate debt‑to‑income ratio (46.4%), no prior defaults, and sufficient income to support the requested loan. Although employment and credit history are relatively short (1.5 years), the absence of defaults and acceptable DTI justify approval.","{""decision"":""APPROVE"",""rationale"":""The applicant has a moderate debt‑to‑income ratio (46.4%), no prior defaults, and sufficient income to support the requested loan. Although employment and credit history are relatively short (1.5 years), the absence of defaults and acceptable DTI justify approval.""}",
CASE_0046,CLEAR_REJECT,REJECT,REJECT,"High debt-to-income (61.7%), low income relative to requested amount, short employment and credit history, and a prior default indicate significant credit risk.","{""decision"":""REJECT"",""rationale"":""High debt-to-income (61.7%), low income relative to requested amount, short employment and credit history, and a prior default indicate significant credit risk.""}",
CASE_0047,CLEAR_REJECT,REJECT,REJECT,"High debt-to-income (63%), short employment (1.8 yr) and credit history (1.7 yr), a prior default, and a large loan request relative to income make the applicant high risk.","{""decision"":""REJECT"",""rationale"":""High debt-to-income (63%), short employment (1.8 yr) and credit history (1.7 yr), a prior default, and a large loan request relative to income make the applicant high risk.""}",
CASE_0048,CLEAR_REJECT,REJECT,REJECT,"High debt-to-income (48.7%), very short employment (1.1 yr) and credit history (0.9 yr) with a large loan request relative to income suggest insufficient creditworthiness.","{""decision"":""REJECT"",""rationale"":""High debt-to-income (48.7%), very short employment (1.1 yr) and credit history (0.9 yr) with a large loan request relative to income suggest insufficient creditworthiness.""}",
CASE_0049,CLEAR_REJECT,REJECT,REJECT,"High debt-to-income (56.5%), very short employment (<1 yr) and credit history (2.1 yr), plus a prior default make the applicant high risk for the requested loan.","{""decision"":""REJECT"",""rationale"":""High debt-to-income (56.5%), very short employment (<1 yr) and credit history (2.1 yr), plus a prior default make the applicant high risk for the requested loan.""}",
CASE_0050,CLEAR_REJECT,REJECT,REJECT,"High debt-to-income (48.1%), short employment (1.6 yr) and credit history (1.9 yr), plus a prior default, make the applicant a high risk for the large loan request.","{""decision"":""REJECT"",""rationale"":""High debt-to-income (48.1%), short employment (1.6 yr) and credit history (1.9 yr), plus a prior default, make the applicant a high risk for the large loan request.""}",
CASE_0051,CLEAR_REJECT,REJECT,REJECT,"High debt-to-income (58.8%), short employment (1.4 yr) and credit history (2 yr), a prior default, and a loan amount far exceeding the modest income make the applicant high risk.","{""decision"":""REJECT"",""rationale"":""High debt-to-income (58.8%), short employment (1.4 yr) and credit history (2 yr), a prior default, and a loan amount far exceeding the modest income make the applicant high risk.""}",
CASE_0052,CLEAR_REJECT,REJECT,REJECT,"High debt-to-income (51.3%), less than one year of employment and credit history, and a prior default make the applicant high risk for the requested loan amount.","{""decision"":""REJECT"",""rationale"":""High debt-to-income (51.3%), less than one year of employment and credit history, and a prior default make the applicant high risk for the requested loan amount.""}",
CASE_0053,CLEAR_REJECT,REJECT,REJECT,"High debt-to-income (58.5%), very short employment (0.4 yr) and credit history (0.7 yr), a prior default, and a loan amount far exceeding income make the applicant high risk.","{""decision"":""REJECT"",""rationale"":""High debt-to-income (58.5%), very short employment (0.4 yr) and credit history (0.7 yr), a prior default, and a loan amount far exceeding income make the applicant high risk.""}",
CASE_0054,CLEAR_REJECT,REJECT,REJECT,"High debt-to-income (59.8%), short employment (1.5 yr) and credit history (2.4 yr), plus a prior default make the applicant a high risk for the requested $34,965 loan.","{""decision"":""REJECT"",""rationale"":""High debt-to-income (59.8%), short employment (1.5 yr) and credit history (2.4 yr), plus a prior default make the applicant a high risk for the requested $34,965 loan.""}",
CASE_0055,CLEAR_REJECT,REJECT,REJECT,"High debt-to-income (60.6%), very short employment (0.7 yr) and credit history (1.3 yr), plus a prior default, indicate significant credit risk for the requested amount.","{""decision"":""REJECT"",""rationale"":""High debt-to-income (60.6%), very short employment (0.7 yr) and credit history (1.3 yr), plus a prior default, indicate significant credit risk for the requested amount.""}",
CASE_0056,CLEAR_REJECT,REJECT,REJECT,"High debt-to-income (48%), short employment (1.9 yr) and credit history (1.1 yr), plus a prior default, make the applicant too risky for the requested $30,376 loan.","{""decision"":""REJECT"",""rationale"":""High debt-to-income (48%), short employment (1.9 yr) and credit history (1.1 yr), plus a prior default, make the applicant too risky for the requested $30,376 loan.""}",
CASE_0057,CLEAR_REJECT,REJECT,REJECT,"High debt-to-income ratio (63%), very short employment (0.6 yr) and credit history (1.5 yr), plus a prior default indicate a high credit risk.","{""decision"":""REJECT"",""rationale"":""High debt-to-income ratio (63%), very short employment (0.6 yr) and credit history (1.5 yr), plus a prior default indicate a high credit risk.""}",
CASE_0058,CLEAR_REJECT,REJECT,REJECT,"High debt-to-income (50.4%), very short employment (0.4 yr) and credit history (1.8 yr), plus a prior default make the applicant high risk for the requested loan.","{""decision"":""REJECT"",""rationale"":""High debt-to-income (50.4%), very short employment (0.4 yr) and credit history (1.8 yr), plus a prior default make the applicant high risk for the requested loan.""}",
CASE_0059,CLEAR_REJECT,REJECT,REJECT,"The applicant has a high debt‑to‑income ratio (46.7%), short employment tenure (1.7 years) and limited credit history (2.4 years), which together indicate insufficient repayment capacity despite no prior defaults.","{""decision"":""REJECT"",""rationale"":""The applicant has a high debt‑to‑income ratio (46.7%), short employment tenure (1.7 years) and limited credit history (2.4 years), which together indicate insufficient repayment capacity despite no prior defaults.""}",
CASE_0060,CLEAR_REJECT,REJECT,REJECT,High debt-to-income ratio (56.5%) and very short employment (0.5 yr) and credit history (1.1 yr) suggest insufficient repayment capacity despite no defaults.,"{""decision"":""REJECT"",""rationale"":""High debt-to-income ratio (56.5%) and very short employment (0.5 yr) and credit history (1.1 yr) suggest insufficient repayment capacity despite no defaults.""}",
CASE_0081,CONFLICTING,APPROVE,APPROVE,"Low debt-to-income (18.5%), solid employment (7.5 years) and credit history (8.1 years) with no defaults make the applicant financially strong for the $42,825 request.","{""decision"":""APPROVE"",""rationale"":""Low debt-to-income (18.5%), solid employment (7.5 years) and credit history (8.1 years) with no defaults make the applicant financially strong for the $42,825 request.""}",
CASE_0082,CONFLICTING,APPROVE,REJECT,"The applicant’s debt‑to‑income ratio of 59.2% is well above typical acceptable limits, indicating a high debt burden that outweighs the positive factors of long employment, credit history, and no defaults.","{""decision"":""REJECT"",""rationale"":""The applicant’s debt‑to‑income ratio of 59.2% is well above typical acceptable limits, indicating a high debt burden that outweighs the positive factors of long employment, credit history, and no defaults.""}",
CASE_0083,CONFLICTING,APPROVE,REJECT,"The applicant has a high debt‑to‑income ratio (54.6%) and is requesting an amount that exceeds their income, indicating a high credit risk despite long employment and credit history and no defaults.","{""decision"":""REJECT"",""rationale"":""The applicant has a high debt‑to‑income ratio (54.6%) and is requesting an amount that exceeds their income, indicating a high credit risk despite long employment and credit history and no defaults.""}",
CASE_0084,CONFLICTING,REJECT,APPROVE,"The applicant shows a low debt‑to‑income ratio (29.8%), long employment (12.7 years) and credit history (19.4 years). Although there is one prior default, the overall risk profile is moderate and the requested amount is reasonable relative to income, supporting approval.","{""decision"":""APPROVE"",""rationale"":""The applicant shows a low debt‑to‑income ratio (29.8%), long employment (12.7 years) and credit history (19.4 years). Although there is one prior default, the overall risk profile is moderate and the requested amount is reasonable relative to income, supporting approval.""}",
CASE_0085,CONFLICTING,REJECT,APPROVE,"The applicant shows strong employment stability (12+ years) and a solid credit history length (8.6 years) with a low debt‑to‑income ratio (27.8%). Although there is one prior default, the overall risk profile is acceptable, so the loan can be approved, possibly with higher pricing or additional monitoring.","{""decision"":""APPROVE"",""rationale"":""The applicant shows strong employment stability (12+ years) and a solid credit history length (8.6 years) with a low debt‑to‑income ratio (27.8%). Although there is one prior default, the overall risk profile is acceptable, so the loan can be approved, possibly with higher pricing or additional monitoring.""}",
CASE_0086,CONFLICTING,REJECT,APPROVE,"Low debt-to-income (15.2%), strong income, long employment (10.6 yr) and credit history (17.7 yr) outweigh a single prior default, supporting approval of the $19,664 request.","{""decision"":""APPROVE"",""rationale"":""Low debt-to-income (15.2%), strong income, long employment (10.6 yr) and credit history (17.7 yr) outweigh a single prior default, supporting approval of the $19,664 request.""}",
CASE_0087,CONFLICTING,REJECT,APPROVE,"Low debt-to-income (21.9%) and long employment (10.5 yr) and credit history (10.9 yr) indicate strong repayment capacity; the single prior default is offset by these strengths, supporting approval.","{""decision"":""APPROVE"",""rationale"":""Low debt-to-income (21.9%) and long employment (10.5 yr) and credit history (10.9 yr) indicate strong repayment capacity; the single prior default is offset by these strengths, supporting approval.""}",
CASE_0088,CONFLICTING,APPROVE,APPROVE,"Low debt-to-income (16.4%), long employment (12 years) and credit history (13.8 years) with no defaults indicate strong repayment capacity for the $54,533 request.","{""decision"":""APPROVE"",""rationale"":""Low debt-to-income (16.4%), long employment (12 years) and credit history (13.8 years) with no defaults indicate strong repayment capacity for the $54,533 request.""}",
CASE_0089,CONFLICTING,APPROVE,APPROVE,"The applicant shows strong credit history (15 years, no defaults), stable employment (5.7 years), a low debt‑to‑income ratio (25.9%), and sufficient income relative to the requested loan amount, meeting typical underwriting standards.","{""decision"":""APPROVE"",""rationale"":""The applicant shows strong credit history (15 years, no defaults), stable employment (5.7 years), a low debt‑to‑income ratio (25.9%), and sufficient income relative to the requested loan amount, meeting typical underwriting standards.""}",
CASE_0090,CONFLICTING,REJECT,APPROVE,"Low debt-to-income (16.4%), long employment (14.2 yr) and credit history (7.4 yr) indicate strong repayment capacity; the single prior default is offset by the overall strong profile, making the requested $19,052 acceptable.","{""decision"":""APPROVE"",""rationale"":""Low debt-to-income (16.4%), long employment (14.2 yr) and credit history (7.4 yr) indicate strong repayment capacity; the single prior default is offset by the overall strong profile, making the requested $19,052 acceptable.""}",
CASE_0091,CONFLICTING,APPROVE,APPROVE,"The applicant shows strong employment stability (13.2 years) and a solid credit history (9.6 years) with no defaults. The requested loan is modest relative to the reported income, and the debt‑to‑income ratio, while high at 49.7%, remains just under the typical 50% cutoff, making the overall risk acceptable.","{""decision"":""APPROVE"",""rationale"":""The applicant shows strong employment stability (13.2 years) and a solid credit history (9.6 years) with no defaults. The requested loan is modest relative to the reported income, and the debt‑to‑income ratio, while high at 49.7%, remains just under the typical 50% cutoff, making the overall risk acceptable.""}",
CASE_0092,CONFLICTING,APPROVE,APPROVE,"Low debt-to-income ratio (15.5%), stable 5‑year employment, 5.5‑year credit history, no defaults, and sufficient income to support the $51,407 request.","{""decision"":""APPROVE"",""rationale"":""Low debt-to-income ratio (15.5%), stable 5‑year employment, 5.5‑year credit history, no defaults, and sufficient income to support the $51,407 request.""}",
CASE_0093,CONFLICTING,APPROVE,APPROVE,"Low debt-to-income (25.4%), stable employment (6.7 years), long credit history (13.5 years) with no defaults, and sufficient income support the requested $41,122 loan.","{""decision"":""APPROVE"",""rationale"":""Low debt-to-income (25.4%), stable employment (6.7 years), long credit history (13.5 years) with no defaults, and sufficient income support the requested $41,122 loan.""}",
CASE_0094,CONFLICTING,APPROVE,REJECT,"The applicant’s debt‑to‑income ratio is 59.1%, well above typical lending thresholds, and the requested loan ($26,020) exceeds twice the reported income, indicating high repayment risk despite a solid employment record and clean credit history.","{""decision"":""REJECT"",""rationale"":""The applicant’s debt‑to‑income ratio is 59.1%, well above typical lending thresholds, and the requested loan ($26,020) exceeds twice the reported income, indicating high repayment risk despite a solid employment record and clean credit history.""}",
CASE_0095,CONFLICTING,APPROVE,APPROVE,"Low debt-to-income (15.5%), stable employment (6.4 years) and credit history (6.2 years) with no defaults indicate strong repayment capacity for the $52,435 request.","{""decision"":""APPROVE"",""rationale"":""Low debt-to-income (15.5%), stable employment (6.4 years) and credit history (6.2 years) with no defaults indicate strong repayment capacity for the $52,435 request.""}",
CASE_0096,CONFLICTING,REJECT,REJECT,"Although the applicant shows stable employment (13.8 years) and a reasonable debt‑to‑income ratio (24.5%), the presence of a prior default and a loan request that is roughly double the reported income raise credit risk, leading to a recommendation to reject the application.","{""decision"":""REJECT"",""rationale"":""Although the applicant shows stable employment (13.8 years) and a reasonable debt‑to‑income ratio (24.5%), the presence of a prior default and a loan request that is roughly double the reported income raise credit risk, leading to a recommendation to reject the application.""}",
CASE_0097,CONFLICTING,APPROVE,APPROVE,"Low debt-to-income (17.5%), solid employment (6.9 years) and credit history (12.1 years) with no defaults, and income sufficient to support the $48,064 request.","{""decision"":""APPROVE"",""rationale"":""Low debt-to-income (17.5%), solid employment (6.9 years) and credit history (12.1 years) with no defaults, and income sufficient to support the $48,064 request.""}",
CASE_0098,CONFLICTING,APPROVE,APPROVE,"Low debt-to-income (15.7%), stable employment (9.3 years), solid credit history (5.4 years) and no defaults indicate strong repayment capacity for the $50,289 request.","{""decision"":""APPROVE"",""rationale"":""Low debt-to-income (15.7%), stable employment (9.3 years), solid credit history (5.4 years) and no defaults indicate strong repayment capacity for the $50,289 request.""}",
CASE_0099,CONFLICTING,APPROVE,REJECT,High debt-to-income ratio (56.5%) and loan amount exceeding twice the applicant's income indicate significant repayment risk despite stable employment and clean credit history.,"{""decision"":""REJECT"",""rationale"":""High debt-to-income ratio (56.5%) and loan amount exceeding twice the applicant's income indicate significant repayment risk despite stable employment and clean credit history.""}",
CASE_0100,CONFLICTING,APPROVE,REJECT,"The applicant has a high debt‑to‑income ratio of 53.5%, which exceeds typical lending thresholds, indicating a significant risk despite long employment and credit history and no defaults.","{""decision"":""REJECT"",""rationale"":""The applicant has a high debt‑to‑income ratio of 53.5%, which exceeds typical lending thresholds, indicating a significant risk despite long employment and credit history and no defaults.""}",
