case_id,case_type,decision_A,decision_B,decision_C,consistent,decision_flip
CASE_0061,BORDERLINE,APPROVE,APPROVE,APPROVE,True,False
CASE_0062,BORDERLINE,REJECT,REJECT,REJECT,True,False
CASE_0063,BORDERLINE,APPROVE,APPROVE,APPROVE,True,False
CASE_0064,BORDERLINE,APPROVE,APPROVE,APPROVE,True,False
CASE_0065,BORDERLINE,APPROVE,APPROVE,APPROVE,True,False
CASE_0066,BORDERLINE,APPROVE,APPROVE,APPROVE,True,False
CASE_0067,BORDERLINE,REJECT,REJECT,APPROVE,False,True
CASE_0068,BORDERLINE,APPROVE,APPROVE,APPROVE,True,False
CASE_0069,BORDERLINE,APPROVE,APPROVE,APPROVE,True,False
CASE_0070,BORDERLINE,APPROVE,APPROVE,APPROVE,True,False
CASE_0071,BORDERLINE,APPROVE,APPROVE,APPROVE,True,False
CASE_0072,BORDERLINE,APPROVE,APPROVE,APPROVE,True,False
CASE_0073,BORDERLINE,REJECT,REJECT,APPROVE,False,True
CASE_0074,BORDERLINE,APPROVE,APPROVE,APPROVE,True,False
CASE_0075,BORDERLINE,REJECT,APPROVE,APPROVE,False,True
CASE_0076,BORDERLINE,REJECT,APPROVE,APPROVE,False,True
CASE_0077,BORDERLINE,REJECT,REJECT,APPROVE,False,True
CASE_0078,BORDERLINE,APPROVE,APPROVE,APPROVE,True,False
CASE_0079,BORDERLINE,APPROVE,REJECT,APPROVE,False,True
CASE_0080,BORDERLINE,APPROVE,APPROVE,APPROVE,True,False
CASE_0001,CLEAR_APPROVE,APPROVE,APPROVE,APPROVE,True,False
CASE_0002,CLEAR_APPROVE,APPROVE,APPROVE,APPROVE,True,False
CASE_0003,CLEAR_APPROVE,APPROVE,APPROVE,APPROVE,True,False
CASE_0004,CLEAR_APPROVE,APPROVE,APPROVE,APPROVE,True,False
CASE_0005,CLEAR_APPROVE,APPROVE,APPROVE,APPROVE,True,False
CASE_0006,CLEAR_APPROVE,APPROVE,APPROVE,APPROVE,True,False
CASE_0007,CLEAR_APPROVE,APPROVE,APPROVE,APPROVE,True,False
CASE_0008,CLEAR_APPROVE,APPROVE,APPROVE,APPROVE,True,False
CASE_0009,CLEAR_APPROVE,APPROVE,APPROVE,APPROVE,True,False
CASE_0010,CLEAR_APPROVE,APPROVE,APPROVE,APPROVE,True,False
CASE_0011,CLEAR_APPROVE,APPROVE,APPROVE,APPROVE,True,False
CASE_0012,CLEAR_APPROVE,APPROVE,APPROVE,APPROVE,True,False
CASE_0013,CLEAR_APPROVE,APPROVE,APPROVE,APPROVE,True,False
CASE_0014,CLEAR_APPROVE,APPROVE,APPROVE,APPROVE,True,False
CASE_0015,CLEAR_APPROVE,APPROVE,APPROVE,APPROVE,True,False
CASE_0016,CLEAR_APPROVE,APPROVE,APPROVE,APPROVE,True,False
CASE_0017,CLEAR_APPROVE,APPROVE,APPROVE,APPROVE,True,False
CASE_0018,CLEAR_APPROVE,APPROVE,APPROVE,APPROVE,True,False
CASE_0019,CLEAR_APPROVE,APPROVE,APPROVE,APPROVE,True,False
CASE_0020,CLEAR_APPROVE,APPROVE,APPROVE,APPROVE,True,False
CASE_0021,CLEAR_APPROVE,APPROVE,APPROVE,APPROVE,True,False
CASE_0022,CLEAR_APPROVE,APPROVE,APPROVE,APPROVE,True,False
CASE_0023,CLEAR_APPROVE,APPROVE,APPROVE,APPROVE,True,False
CASE_0024,CLEAR_APPROVE,APPROVE,APPROVE,APPROVE,True,False
CASE_0025,CLEAR_APPROVE,APPROVE,APPROVE,APPROVE,True,False
CASE_0026,CLEAR_APPROVE,APPROVE,APPROVE,APPROVE,True,False
CASE_0027,CLEAR_APPROVE,APPROVE,APPROVE,APPROVE,True,False
CASE_0028,CLEAR_APPROVE,APPROVE,APPROVE,APPROVE,True,False
CASE_0029,CLEAR_APPROVE,APPROVE,APPROVE,APPROVE,True,False
CASE_0030,CLEAR_APPROVE,APPROVE,APPROVE,APPROVE,True,False
CASE_0031,CLEAR_REJECT,REJECT,REJECT,REJECT,True,False
CASE_0032,CLEAR_REJECT,REJECT,REJECT,REJECT,True,False
CASE_0033,CLEAR_REJECT,REJECT,REJECT,REJECT,True,False
CASE_0034,CLEAR_REJECT,REJECT,REJECT,REJECT,True,False
CASE_0035,CLEAR_REJECT,REJECT,REJECT,REJECT,True,False
CASE_0036,CLEAR_REJECT,REJECT,REJECT,REJECT,True,False
CASE_0037,CLEAR_REJECT,REJECT,REJECT,REJECT,True,False
CASE_0038,CLEAR_REJECT,REJECT,REJECT,REJECT,True,False
CASE_0039,CLEAR_REJECT,REJECT,REJECT,REJECT,True,False
CASE_0040,CLEAR_REJECT,REJECT,REJECT,REJECT,True,False
CASE_0041,CLEAR_REJECT,REJECT,REJECT,REJECT,True,False
CASE_0042,CLEAR_REJECT,REJECT,REJECT,REJECT,True,False
CASE_0043,CLEAR_REJECT,REJECT,REJECT,REJECT,True,False
CASE_0044,CLEAR_REJECT,REJECT,REJECT,REJECT,True,False
CASE_0045,CLEAR_REJECT,REJECT,REJECT,APPROVE,False,True
CASE_0046,CLEAR_REJECT,REJECT,REJECT,REJECT,True,False
CASE_0047,CLEAR_REJECT,REJECT,REJECT,REJECT,True,False
CASE_0048,CLEAR_REJECT,REJECT,REJECT,REJECT,True,False
CASE_0049,CLEAR_REJECT,REJECT,REJECT,REJECT,True,False
CASE_0050,CLEAR_REJECT,REJECT,REJECT,REJECT,True,False
CASE_0051,CLEAR_REJECT,REJECT,REJECT,REJECT,True,False
CASE_0052,CLEAR_REJECT,REJECT,REJECT,REJECT,True,False
CASE_0053,CLEAR_REJECT,REJECT,REJECT,REJECT,True,False
CASE_0054,CLEAR_REJECT,REJECT,REJECT,REJECT,True,False
CASE_0055,CLEAR_REJECT,REJECT,REJECT,REJECT,True,False
CASE_0056,CLEAR_REJECT,REJECT,REJECT,REJECT,True,False
CASE_0057,CLEAR_REJECT,REJECT,REJECT,REJECT,True,False
CASE_0058,CLEAR_REJECT,REJECT,REJECT,REJECT,True,False
CASE_0059,CLEAR_REJECT,REJECT,REJECT,REJECT,True,False
CASE_0060,CLEAR_REJECT,REJECT,REJECT,REJECT,True,False
CASE_0081,CONFLICTING,APPROVE,APPROVE,APPROVE,True,False
CASE_0082,CONFLICTING,REJECT,REJECT,REJECT,True,False
CASE_0083,CONFLICTING,REJECT,REJECT,REJECT,True,False
CASE_0084,CONFLICTING,APPROVE,APPROVE,APPROVE,True,False
CASE_0085,CONFLICTING,APPROVE,REJECT,APPROVE,False,True
CASE_0086,CONFLICTING,APPROVE,APPROVE,APPROVE,True,False
CASE_0087,CONFLICTING,APPROVE,APPROVE,APPROVE,True,False
CASE_0088,CONFLICTING,APPROVE,APPROVE,APPROVE,True,False
CASE_0089,CONFLICTING,APPROVE,APPROVE,APPROVE,True,False
CASE_0090,CONFLICTING,APPROVE,APPROVE,APPROVE,True,False
CASE_0091,CONFLICTING,APPROVE,REJECT,REJECT,False,True
CASE_0092,CONFLICTING,APPROVE,APPROVE,APPROVE,True,False
CASE_0093,CONFLICTING,APPROVE,APPROVE,APPROVE,True,False
CASE_0094,CONFLICTING,REJECT,REJECT,REJECT,True,False
CASE_0095,CONFLICTING,APPROVE,APPROVE,APPROVE,True,False
CASE_0096,CONFLICTING,APPROVE,REJECT,APPROVE,False,True
CASE_0097,CONFLICTING,APPROVE,APPROVE,APPROVE,True,False
CASE_0098,CONFLICTING,APPROVE,APPROVE,APPROVE,True,False
CASE_0099,CONFLICTING,REJECT,REJECT,REJECT,True,False
CASE_0100,CONFLICTING,REJECT,REJECT,REJECT,True,False
