case_id,decision_neutral,decision_positive,decision_negative,rationale_neutral,rationale_positive,rationale_negative,error
CASE_0001,APPROVE,APPROVE,APPROVE,"Low debt-to-income ratio (13.4%), long employment (13 years) and credit history (9.2 years), no defaults, and a modest loan request relative to income support approval.","Low debt-to-income ratio, long employment and credit history, no defaults, and a modest loan amount relative to income support approval.","Low debt-to-income (13.4%), long employment (13 years) and credit history (9.2 years), no defaults, and modest loan amount relative to income indicate acceptable risk.",
CASE_0002,APPROVE,APPROVE,APPROVE,"Low debt-to-income ratio (18.3%), stable long-term employment (8.9 years) and credit history (9.4 years), no previous defaults, and income appears sufficient to support the requested amount.","Low debt-to-income ratio, long employment and credit histories, and no defaults indicate a strong financial profile","Low debt-to-income (18.3%), long credit (9.4 yr) and employment (8.9 yr) histories, and no prior defaults indicate acceptable risk; the requested amount is not excessive given the applicant's financial profile.",
CASE_0003,APPROVE,APPROVE,APPROVE,"Low debt-to-income (0.11), strong employment (7.9 yr) and credit history (14.9 yr), no defaults, and income comfortably supports the requested amount.","Low debt-to-income (0.11), solid income, long employment (7.9 yr) and credit history (14.9 yr), and no defaults support approval for the $16,202 request.","Low debt-to-income ratio (0.11), long employment (7.9 years) and credit history (14.9 years), no previous defaults, and sufficient income relative to the requested amount indicate a favorable financial profile.",
CASE_0004,APPROVE,APPROVE,APPROVE,"Low debt-to-income ratio (22.4%), long employment (11.8 years) and credit history (13.4 years), no defaults, and sufficient income relative to the requested amount support approval.","Low debt-to-income ratio (22.4%), long employment (11.8 years) and credit history (13.4 years), and no previous defaults indicate strong repayment capacity relative to the requested amount.","The applicant has a low debt‑to‑income ratio (22.4%), long employment (11.8 years) and credit histories (13.4 years), and no prior defaults. The requested loan amount is modest relative to the income, indicating acceptable risk.",
CASE_0005,APPROVE,APPROVE,APPROVE,"Low debt-to-income ratio (19.5%), long credit (16.8 years) and employment history (6.4 years), no defaults, and the requested amount is reasonable relative to the applicant's income.","Low debt-to-income (19.5%), long credit (16.8 yr) and employment (6.4 yr) histories, no defaults, and sufficient income relative to the $15,265 request indicate a favorable financial profile.","Low debt-to-income ratio (19.5%), no previous defaults, long credit history (16.8 years) and stable employment (6.4 years) indicate acceptable risk despite the loan amount relative to income.",
CASE_0006,APPROVE,APPROVE,APPROVE,"Low debt-to-income ratio (21.4%), long employment (7 years) and credit history (15 years), no defaults, and income appears sufficient to cover the requested $6,900 loan.","Low debt-to-income ratio (0.214), stable 7-year employment, 15-year credit history, no defaults, and income comfortably exceeds the requested amount support approval.","The applicant shows a low debt-to-income ratio (21.4%), long employment (7 years) and credit histories (15 years), and no previous defaults, indicating a low risk profile for the requested $6,900 loan.",
CASE_0007,APPROVE,APPROVE,APPROVE,"Income is solid, DTI is low (0.153), employment and credit histories are long, and there are no defaults, meeting typical loan criteria.","Low debt-to-income ratio (15.3%), stable employment (5.1 years), long credit history (11.1 years), no defaults, and sufficient income relative to the requested amount indicate a favorable financial profile.","Low debt-to-income ratio (15.3%), solid employment tenure (5.1 years), long credit history (11.1 years) with no defaults, and a modest loan request relative to income indicate acceptable risk.",
CASE_0008,APPROVE,APPROVE,APPROVE,"Low debt-to-income ratio (24.6%), long employment (12.9 years) and credit history (17.2 years), no defaults, and income comfortably exceeds the requested amount.","The applicant has a low debt-to-income ratio (0.246), long employment (12.9 years) and credit histories (17.2 years), no previous defaults, and an income that comfortably exceeds the requested amount, indicating strong repayment capacity.","Low debt-to-income ratio (24.6%), long employment (12.9 years) and credit history (17.2 years), no previous defaults, and a modest loan request relative to income support approval.",
CASE_0009,APPROVE,APPROVE,APPROVE,"The applicant shows strong financial indicators: stable long‑term employment (11.6 years), a solid credit history (7.5 years) with no defaults, a low debt‑to‑income ratio (23.4%), and sufficient income relative to the requested loan amount. These facts support approval.","Income is solid, low debt-to-income ratio (0.234), long employment (11.6 years) and credit history (7.5 years) with no defaults, supporting approval of the $10,046 request.","The applicant has a low debt-to-income ratio (23.4%), long employment (11.6 years) and credit history (7.5 years), and no previous defaults, indicating a low risk profile despite the loan amount exceeding monthly income.",
CASE_0010,APPROVE,APPROVE,APPROVE,"Low debt-to-income ratio (21.7%), long employment history (12.1 years), solid credit history (5.3 years) and no previous defaults indicate strong repayment capacity for the requested amount.","The applicant shows strong financial indicators: low debt-to-income ratio (21.7%), long employment history (12.1 years), solid credit history (5.3 years) with no defaults, and sufficient income relative to the requested amount.","The applicant shows a low debt‑to‑income ratio (21.7%), long employment history (12.1 years), solid credit history (5.3 years) with no defaults, and the requested loan amount is modest relative to income, indicating acceptable risk.",
CASE_0011,APPROVE,APPROVE,APPROVE,"Income is strong, debt-to-income ratio is low (0.129), employment and credit histories are lengthy, and there are no previous defaults; the requested amount is modest relative to income.","The applicant has a high income, low debt-to-income ratio, long employment and credit histories, and no defaults, indicating a strong financial profile relative to the requested amount.","Low debt-to-income (12.9%), long employment (12.8 years) and credit history (6.4 years), no previous defaults, and requested amount is modest relative to income.",
CASE_0012,APPROVE,APPROVE,APPROVE,"Low debt-to-income ratio (0.17), solid income, long employment (9.6 years) and credit history (15.8 years), and no previous defaults indicate strong repayment capacity for the requested amount.","Low debt-to-income ratio (0.17), long employment (9.6 years) and credit history (15.8 years), no defaults, and the requested amount (10,204) is well within the applicant's income (13,781).","Low debt-to-income (0.17), long employment (9.6 yr) and credit history (15.8 yr), no defaults, and a modest loan request relative to income support approval.",
CASE_0013,APPROVE,APPROVE,APPROVE,"Low debt-to-income ratio, long employment and credit history, no defaults, and sufficient income relative to requested amount","Low debt-to-income ratio, long employment and credit histories, no defaults, and income sufficient relative to requested amount","Low debt-to-income (10.7%), long employment (10.7 yr) and credit history (11.9 yr), and no previous defaults indicate a strong financial profile relative to the requested amount.",
CASE_0014,APPROVE,APPROVE,APPROVE,"The applicant has a high income, very low debt-to-income ratio, stable employment and credit history, no defaults, and the requested loan amount is modest relative to income, meeting typical approval criteria.","Low debt-to-income (0.123), solid income, long credit and employment history, no defaults, and modest loan amount","Low debt-to-income (12.3%), no defaults, solid employment (6.4 yr) and credit history (7.4 yr), and income comfortably exceeds the requested amount.",
CASE_0015,APPROVE,APPROVE,APPROVE,"Low debt-to-income ratio (20.2%), stable employment (6.1 years), long credit history (12.5 years), no defaults, and a requested amount that appears reasonable relative to income support approval.","Low debt-to-income ratio (20.2%), solid income, long employment (6.1 years) and credit history (12.5 years), no defaults, and a modest requested amount relative to income.","The applicant has a low debt-to-income ratio (20.2%), a solid employment history (6.1 years), a long credit history (12.5 years) with no previous defaults, indicating a low risk profile despite the requested loan amount.",
CASE_0016,APPROVE,APPROVE,APPROVE,"Low debt-to-income ratio (21.2%), long employment (11.7 years) and credit history (7.3 years), no defaults, and a requested amount that is reasonable relative to the income support approval.","Low debt-to-income ratio (21.2%), long employment (11.7 years) and credit history (7.3 years), no defaults, and a modest loan request relative to income support approval.","The applicant has a low debt-to-income ratio (21.2%), long employment (11.7 years) and credit histories (7.3 years), and no prior defaults, indicating manageable risk despite modest income.",
CASE_0017,APPROVE,APPROVE,APPROVE,"Low debt-to-income ratio (24.5%), long employment (9.7 years) and credit history (15.4 years), and no defaults indicate strong financial standing, supporting approval of the requested amount.","Low debt-to-income ratio, long employment and credit histories, and no defaults indicate a strong financial profile relative to the requested amount.","The applicant has a low debt-to-income ratio (24.5%), long employment (9.7 years) and credit histories (15.4 years), and no previous defaults, indicating manageable risk despite the loan amount.",
CASE_0018,APPROVE,APPROVE,APPROVE,"The applicant shows strong financial standing: low debt‑to‑income ratio (14.9%), long employment (10.7 years) and credit history (11.7 years) with no defaults, supporting approval of the requested amount.","The applicant has a solid income, low debt-to-income ratio (14.9%), long employment and credit histories, and no previous defaults, making the financial profile favorable for the requested loan amount.","Low debt-to-income ratio (14.9%), long employment (10.7 years) and credit history (11.7 years), and no previous defaults indicate a strong financial profile, supporting approval of the requested amount.",
CASE_0019,APPROVE,APPROVE,APPROVE,"Income is strong, debt-to-income ratio is low (15.6%), employment and credit histories are long, and there are no previous defaults, supporting approval of the requested amount.","Low debt-to-income ratio (15.6%), long employment (12.6 years) and credit history (10.7 years), no defaults, and income comfortably exceeds the requested amount.","The applicant shows strong financial metrics: low debt-to-income ratio (15.6%), long employment (12.6 years) and credit histories (10.7 years), and no previous defaults. These factors outweigh the relatively high loan amount relative to income.",
CASE_0020,APPROVE,APPROVE,APPROVE,"The applicant has a high income, low debt-to-income ratio (0.17), long employment (11.3 years) and credit history (9.5 years), and no previous defaults, all of which support approval of the requested amount.","Low debt-to-income ratio, long employment and credit history, no defaults, and the requested amount is modest relative to the applicant's income.","Low debt-to-income ratio (0.17), long employment (11.3 years) and credit history (9.5 years), no previous defaults, and a modest loan request relative to income support approval.",
CASE_0021,APPROVE,APPROVE,APPROVE,"Low debt-to-income ratio (0.128), strong employment (10.5 years) and credit history (14.5 years), no previous defaults, and sufficient income relative to the requested amount support approval.","Low debt-to-income ratio (0.128), no previous defaults, long employment (10.5 years) and credit history (14.5 years) indicate strong repayment capacity relative to the requested amount.","Low debt-to-income ratio (12.8%), long employment (10.5 years) and credit history (14.5 years), and no previous defaults indicate a strong financial profile despite the requested amount being slightly above monthly income.",
CASE_0022,APPROVE,APPROVE,APPROVE,"The applicant has a strong financial profile: high income, low debt-to-income ratio (11.9%), long employment and credit histories, and no previous defaults, making the requested loan amount of 17419 appear affordable.","Low debt-to-income ratio (11.9%), long employment (10.6 years) and credit history (10.4 years), no defaults, and income appears sufficient relative to the $17,419 request.","The applicant has a low debt-to-income ratio (11.9%), long employment (10.6 years) and credit histories (10.4 years), and no previous defaults, indicating strong repayment capacity relative to the requested amount.",
CASE_0023,APPROVE,APPROVE,APPROVE,"Low debt-to-income ratio (17.1%), stable 8-year employment, 6.3-year credit history, no defaults, and a modest requested amount relative to income support approval.","Low debt-to-income ratio (0.171), solid 8-year employment history, 6.3-year credit history, no previous defaults, and a modest requested amount relative to income indicate a favorable financial profile.","Low debt-to-income (0.171), stable 8-year employment, 6.3-year credit history, no defaults, and a modest request relative to income support approval.",
CASE_0024,APPROVE,APPROVE,APPROVE,"Income is strong, debt-to-income ratio is low (13.4%), employment and credit histories are solid, and there are no previous defaults, supporting approval of the requested amount.","Low debt-to-income ratio (13.4%), solid employment (5.3 years) and credit history (6.8 years), no previous defaults, and sufficient income support the requested loan.","Low debt-to-income ratio (13.4%), no previous defaults, and solid employment (5.3 years) and credit history (6.8 years) indicate acceptable risk despite the loan amount exceeding monthly income.",
CASE_0025,APPROVE,APPROVE,APPROVE,"Low debt-to-income ratio (0.2), long employment (9.4 years) and credit history (19.4 years), no defaults, and the requested amount is reasonable relative to the reported income.","Low debt-to-income ratio (0.2), long employment (9.4 years) and credit histories (19.4 years), no defaults, and income appears sufficient to cover the requested amount.","Low debt-to-income (0.2), long employment (9.4 yr) and credit histories (19.4 yr), no defaults, and requested amount (10870) is well within the applicant's income (12034).",
CASE_0026,APPROVE,APPROVE,APPROVE,"Low debt-to-income ratio (16.6%), long employment (7.1 years) and credit history (18.6 years), and no previous defaults indicate strong repayment capacity for the requested amount.","Low debt-to-income ratio (16.6%), long credit (18.6 years) and employment history (7.1 years), no defaults, and income appears sufficient relative to the requested amount","Low debt-to-income ratio (16.6%), long employment (7.1 years) and credit history (18.6 years), and no previous defaults indicate a favorable financial profile relative to the requested amount.",
CASE_0027,APPROVE,APPROVE,APPROVE,"Low debt-to-income ratio (22.5%), long employment (9.1 years) and credit history (15.5 years), no defaults, and requested amount appears reasonable relative to income.","Income is solid, debt-to-income ratio is low (22.5%), employment and credit histories are long, there are no prior defaults, and the requested amount is reasonable relative to the applicant's financial profile.","The applicant has a low debt-to-income ratio (22.5%), long employment (9.1 years) and credit histories (15.5 years), and no previous defaults, indicating a strong repayment capacity relative to the requested amount.",
CASE_0028,APPROVE,APPROVE,APPROVE,"Low debt-to-income ratio (0.205), long employment (13.5 years) and credit history (9 years), no defaults, and the requested amount is modest relative to the applicant's income.","The applicant has a solid income, low debt-to-income ratio (20.5%), long employment (13.5 years) and credit histories (9 years), and no defaults, supporting approval of the requested amount.","Low debt-to-income ratio, long employment and credit history, no defaults, and requested amount is modest relative to income.",
CASE_0029,APPROVE,APPROVE,APPROVE,"The applicant has a strong financial profile: high income, low debt-to-income ratio (0.147), long employment (7.3 years) and credit history (19.5 years), and no previous defaults, supporting approval of the requested amount.","Low debt-to-income ratio (14.7%), long employment (7.3 years) and credit history (19.5 years), no defaults, and income comfortably exceeds the requested amount.","Low debt-to-income (14.7%), long credit (19.5 yr) and employment history (7.3 yr), no defaults, and income comfortably exceeds the requested amount, indicating acceptable risk.",
CASE_0030,APPROVE,APPROVE,APPROVE,"Low debt-to-income ratio (22.5%), long credit history (16.7 years), stable employment (5.6 years), and no previous defaults indicate strong financial standing, supporting approval of the requested amount.","Income is strong, low debt-to-income (22.5%), long employment and credit histories, and no defaults support approval for the requested amount.","The applicant has a low debt-to-income ratio (22.5%), a long credit history (16.7 years) with no defaults, and stable employment (5.6 years), indicating manageable risk despite the requested amount.",
CASE_0031,REJECT,REJECT,REJECT,"High debt-to-income (46.4%), very short employment and credit histories (<1 year), and a prior default make the applicant high risk for the requested amount.","Despite a moderate debt-to-income ratio, the applicant has very short employment and credit histories (0.9 years each) and a prior default, making the risk high relative to the large requested amount.","High debt-to-income ratio, very short employment and credit history, a prior default, and a large loan request relative to low income indicate high risk",
CASE_0032,REJECT,REJECT,REJECT,High debt-to-income ratio (64.2%) and short employment/credit histories (1.7 years each) indicate insufficient financial stability for the requested amount.,"The applicant has a high debt-to-income ratio (0.642) and relatively short employment and credit histories (1.7 years each), which outweigh the lack of defaults and suggest higher credit risk.","High debt-to-income ratio (64.2%), short employment and credit histories (1.7 years each), and a large loan request relative to income indicate significant risk.",
CASE_0033,REJECT,REJECT,REJECT,"The applicant has a high debt-to-income ratio (55.2%), low income relative to the large requested amount, short employment (1.7 years) and credit history (2.2 years), and a prior default, all indicating significant credit risk.","The applicant has a high debt-to-income ratio (55.2%), short employment (1.7 years) and credit history (2.2 years), and a prior default, which together indicate significant credit risk despite the income level.","High debt-to-income (55.2%), short employment (1.7 yr) and credit history (2.2 yr), a prior default, and a large loan request relative to income indicate significant risk.",
CASE_0034,REJECT,REJECT,REJECT,"High debt-to-income ratio (60.9%), very short employment (0.8 yr) and credit history (0.9 yr), and a prior default indicate significant credit risk.","The applicant has a high debt-to-income ratio (0.609), very short employment (0.8 yr) and credit history (0.9 yr), and a prior default, making the loan risky relative to the requested amount.","High debt-to-income ratio, very short employment and credit history, and a prior default indicate significant risk",
CASE_0035,REJECT,APPROVE,REJECT,"Although the applicant has no defaults and a debt-to-income ratio below 0.5, the credit history (1.1 years) and employment history (1.9 years) are both shorter than typical lender minimums, indicating insufficient credit and income stability for the requested loan amount.","The applicant has a solid income, a debt-to-income ratio below 0.5, no previous defaults, and the requested loan amount is proportionate to income, indicating a favorable financial profile.","The applicant has a high debt-to-income ratio (0.476) and short employment (1.9 years) and credit histories (1.1 years), indicating elevated risk despite no prior defaults.",
CASE_0036,REJECT,REJECT,REJECT,"High debt-to-income ratio (55.2%), short employment (0.7 yr) and credit history (2.1 yr) make the applicant financially risky despite no defaults.","High debt-to-income ratio (55.2%) and short employment (0.7 yr) and credit history (2.1 yr) outweigh the lack of defaults, indicating elevated risk.","High debt-to-income (55.2%), very short employment (0.7 yr) and credit history (2.1 yr) indicate elevated risk despite no defaults.",
CASE_0037,REJECT,REJECT,REJECT,"High debt-to-income (55.3%), short employment (1.1 yr) and credit history (2.4 yr), and a prior default indicate significant risk, leading to rejection.","The applicant has a high debt‑to‑income ratio (0.553), short employment (1.1 years) and credit history (2.4 years), and a prior default, which together outweigh the income level, leading to a rejection.","High debt-to-income ratio (55.3%), short employment (1.1 years) and credit history (2.4 years), and a prior default indicate significant risk.",
CASE_0038,REJECT,REJECT,REJECT,"High debt-to-income (0.638), short employment (0.7 yr) and credit history (1.5 yr), and a prior default indicate significant risk, leading to rejection.","The applicant has a high debt-to-income ratio (0.638), very short employment history (0.7 years), limited credit history (1.5 years), and a prior default, all of which indicate elevated credit risk despite the income level.","High debt-to-income ratio (0.638), very short employment (0.7 yr) and credit history (1.5 yr), and a prior default indicate a high risk profile.",
CASE_0039,REJECT,REJECT,REJECT,"High debt-to-income ratio (56.9%), short employment (1.9 years) and credit history (0.8 years), and a prior default indicate significant credit risk.","High debt-to-income ratio (56.9%), short employment (1.9 years) and credit history (0.8 years), and a prior default indicate significant credit risk.","High debt-to-income ratio (56.9%), short employment (1.9 years) and credit history (0.8 years), and a prior default indicate high financial risk.",
CASE_0040,REJECT,REJECT,REJECT,"The applicant has very low income (2016), short employment and credit histories (0.5 years each), a prior default, and a high debt-to-income ratio (0.55), indicating high credit risk.","Low income (2016), high debt-to-income ratio (0.55), very short employment (0.5 yr) and credit history (0.5 yr), a prior default, and a large requested amount (45805) indicate high risk.","Low income, high debt-to-income ratio, short employment and credit history, and a prior default make the loan high risk.",
CASE_0041,REJECT,REJECT,REJECT,"Short employment (0.3 yr) and credit history (1 yr), a prior default, high debt‑to‑income (51.1%), and a large loan request relative to income lead to rejection.","The applicant has a high debt-to-income ratio (0.511), very short employment (0.3 years) and credit history (1.0 year), and a prior default, making the loan request of 37,525 financially risky.","High debt-to-income (51.1%), very short employment (0.3 yr) and credit history (1 yr), and a prior default indicate significant risk.",
CASE_0042,REJECT,REJECT,REJECT,"High debt-to-income ratio (52.3%), short employment (1 year) and credit history (0.8 years), and a prior default indicate significant credit risk, leading to rejection.","High debt-to-income ratio (52.3%), short employment (1 year) and credit history (0.8 years), and a prior default outweigh the income level, leading to rejection.","High debt-to-income ratio (52.3%), very short employment (1 year) and credit history (0.8 years), and a prior default indicate significant risk.",
CASE_0043,REJECT,REJECT,REJECT,"High debt-to-income ratio (55.9%), short credit and employment histories, a prior default, and a large loan request relative to income indicate significant risk.","The applicant has a high debt-to-income ratio (55.9%), short employment (2 years) and credit history (1.9 years), and a prior default, indicating significant credit risk.","High debt-to-income (55.9%), short employment (2 years) and credit history (1.9 years), a prior default, and a large loan request relative to income indicate elevated risk.",
CASE_0044,REJECT,REJECT,REJECT,High debt-to-income ratio (54.3%) and short credit/employment history make the applicant financially risky despite no defaults.,"The applicant has a high debt‑to‑income ratio (0.543) and short employment (1.8 years) and credit history (0.7 years), which outweigh the positive factor of no previous defaults, leading to a rejection.","The applicant has a high debt-to-income ratio (54.3%), short employment (1.8 years) and credit history (0.7 years), and the requested loan amount exceeds their annual income, indicating elevated risk despite no prior defaults.",
CASE_0045,APPROVE,APPROVE,REJECT,"The applicant has a moderate debt-to-income ratio (46.4%), no previous defaults, and sufficient income to support the requested amount. Although employment and credit histories are relatively short (1.5 years each), the absence of defaults and acceptable DTI support approval.","The applicant has steady income, a moderate debt‑to‑income ratio below 0.5, no defaults, and a reasonable employment and credit history length, supporting approval of the requested amount.","The applicant has short employment (1.5 years) and credit histories (1.5 years) and a high debt‑to‑income ratio (46.4%), indicating elevated risk despite no defaults.",
CASE_0046,REJECT,REJECT,REJECT,"High debt-to-income ratio (61.7%), short employment and credit history, and a prior default make the applicant financially risky.","The applicant has a high debt-to-income ratio (0.617), short employment (1.8 years) and credit history (1.9 years), and a prior default, making the financial profile risky relative to the requested amount.","High debt-to-income ratio (61.7%), short employment and credit histories, a prior default, and a large loan request relative to income indicate high risk.",
CASE_0047,REJECT,REJECT,REJECT,"The applicant has a high debt-to-income ratio (0.63), short employment (1.8 years) and credit histories (1.7 years), and a prior default, all indicating elevated risk for the requested loan amount.","High debt-to-income ratio (0.63), short employment and credit histories, and a prior default outweigh the modest income and make the loan risky.","High debt-to-income ratio (0.63), short employment (1.8 years) and credit history (1.7 years), a prior default, and a large requested amount relative to income indicate significant risk.",
CASE_0048,REJECT,APPROVE,REJECT,"The applicant has a high debt-to-income ratio (48.7%), very short employment (1.1 years) and credit history (0.9 years), which are below typical lending thresholds despite having no defaults.","The applicant has a moderate debt-to-income ratio (48.7%), no previous defaults, and a stable employment period over a year, indicating sufficient repayment capacity despite a relatively short credit history.","High debt-to-income ratio (48.7%), short employment (1.1 years) and credit history (0.9 years), and a large loan request relative to income indicate elevated risk.",
CASE_0049,REJECT,REJECT,REJECT,"High debt-to-income ratio (56.5%), very short employment history (0.8 years), limited credit history (2.1 years), and a prior default all indicate significant credit risk, leading to rejection.","The applicant has a high debt-to-income ratio (56.5%), very short employment history (0.8 years), limited credit history (2.1 years), a prior default, and requests a large loan relative to their income, indicating significant credit risk.","High debt-to-income ratio, short employment and credit history, and a prior default indicate significant risk",
CASE_0050,REJECT,REJECT,REJECT,"The applicant has a high debt-to-income ratio (48.1%), short employment (1.6 years) and credit histories (1.9 years), and a prior default, indicating elevated credit risk.","High debt-to-income ratio (48.1%), short employment (1.6 years) and credit history (1.9 years), and a prior default indicate elevated risk.","High debt-to-income (48.1%), short employment (1.6 yr) and credit history (1.9 yr), a prior default, and a large loan request relative to income indicate significant risk.",
CASE_0051,REJECT,REJECT,REJECT,"The applicant has a high debt-to-income ratio (58.8%), short employment (1.4 years) and credit history (2 years), and a prior default, indicating significant credit risk.","The applicant has a high debt-to-income ratio (0.588), short employment (1.4 years) and credit history (2.0 years), and a prior default, making the financial profile risky despite the income level.","High debt-to-income ratio (58.8%), short employment (1.4 years) and credit history (2 years), a prior default, and a large loan request relative to income indicate significant risk.",
CASE_0052,REJECT,REJECT,REJECT,"High debt-to-income ratio (51.3%), short employment and credit histories (<1 year), and a prior default indicate significant credit risk relative to the requested amount.","The applicant has a high debt-to-income ratio (51.3%), very short employment (0.9 yr) and credit history (0.8 yr), and a prior default, making the loan risky relative to the requested amount.","High debt-to-income ratio, very short employment and credit history, and a prior default indicate significant risk.",
CASE_0053,REJECT,REJECT,REJECT,"High debt-to-income (58.5%), very short employment (0.4 yr) and credit history (0.7 yr), plus a prior default and a loan amount far exceeding income, indicate significant risk.","High debt-to-income (58.5%), very short employment (0.4 yr) and credit history (0.7 yr), and a prior default make the applicant high risk despite the income level.","High debt-to-income ratio, very short employment and credit histories, and a prior default indicate significant risk",
CASE_0054,REJECT,REJECT,REJECT,"High debt-to-income ratio (59.8%), short employment (1.5 yr) and credit histories (2.4 yr), and a prior default indicate significant credit risk.","High debt-to-income ratio (59.8%), short employment (1.5 years) and credit histories (2.4 years), and a prior default outweigh the income level, making the loan risky.","High debt-to-income ratio (59.8%), short employment (1.5 years) and credit history (2.4 years), and a prior default indicate significant risk, leading to rejection.",
CASE_0055,REJECT,REJECT,REJECT,"The applicant has a high debt-to-income ratio (60.6%), very short employment (0.7 years) and credit histories (1.3 years), and a prior default, all indicating significant credit risk.","The applicant has a high debt-to-income ratio (0.606), very short employment (0.7 years) and credit history (1.3 years), and a prior default, all of which are unfavorable financial indicators.","High debt-to-income ratio, short employment and credit history, and a prior default indicate significant risk",
CASE_0056,REJECT,REJECT,REJECT,"High debt-to-income (48%), short employment (1.9 yr) and credit histories (1.1 yr), and a prior default make the applicant financially risky.","The applicant has a high debt-to-income ratio (48%), short employment (1.9 years) and credit history (1.1 years), and a prior default, which together indicate elevated credit risk.","High debt-to-income (48%), short employment (1.9 yr) and credit history (1.1 yr), a prior default, and a large loan request relative to income indicate significant risk.",
CASE_0057,REJECT,REJECT,REJECT,"High debt-to-income ratio (63.4%), very short employment (0.6 yr) and credit history (1.5 yr), a prior default, and a loan request far exceeding income all indicate significant risk.","The applicant has a high debt-to-income ratio (0.634), very short employment (0.6 years) and credit history (1.5 years), a prior default, and requests a large loan (40948) relative to the modest income (4125). These factors indicate high credit risk.","High debt-to-income (63.4%), very short employment (0.6 yr) and credit history (1.5 yr), a prior default, and a large loan request relative to income indicate significant risk.",
CASE_0058,REJECT,REJECT,REJECT,"The applicant has a high debt-to-income ratio (50.4%), very short employment (0.4 years) and credit history (1.8 years), and a prior default, making the financial risk too high.","High debt-to-income ratio (0.504), very short employment (0.4 yr) and credit history (1.8 yr), and a prior default indicate significant risk despite the applicant's income.","High debt-to-income ratio, very short employment and credit history, and a prior default indicate significant risk",
CASE_0059,REJECT,APPROVE,REJECT,"The applicant has a high debt‑to‑income ratio (46.7%) and relatively short employment (1.7 years) and credit history (2.4 years), which together indicate higher credit risk despite no prior defaults.","The applicant shows a steady income, a moderate debt‑to‑income ratio, no prior defaults, and a reasonable employment and credit history length, supporting approval of the requested amount.",High debt-to-income ratio (46.7%) combined with short employment (1.7 years) and credit history (2.4 years) present significant risk despite no prior defaults.,
CASE_0060,REJECT,REJECT,REJECT,"High debt-to-income ratio (56.5%), very short employment (0.5 yr) and credit history (1.1 yr), and a large loan request relative to income lead to rejection.","The applicant has a high debt-to-income ratio (56.5%) and very short employment (0.5 yr) and credit history (1.1 yr), which outweigh the positive factor of no defaults.",High debt-to-income ratio (56.5%) combined with very short employment (0.5 yr) and credit history (1.1 yr) indicate elevated risk,
CASE_0061,APPROVE,APPROVE,APPROVE,"Low debt-to-income ratio (28.8%), stable employment (4.2 years) and credit history (4.7 years), and no previous defaults indicate acceptable financial risk for the requested amount.","Income is solid, DTI is low (28.8%), stable employment (4.2 years) and credit history (4.7 years) with no defaults, supporting approval of the $13,478 request.","The applicant has a low debt-to-income ratio (28.8%), solid employment (4.2 years) and credit history (4.7 years), no previous defaults, and sufficient income relative to the requested amount, indicating acceptable risk.",
CASE_0062,REJECT,REJECT,REJECT,"Although the debt‑to‑income ratio (31.3%) and credit history length are acceptable, the applicant has a prior default and is requesting a loan (~10 times) that far exceeds their monthly income, indicating a high credit risk.","The applicant has a prior default and a relatively short credit history (3.4 years) despite a moderate debt-to-income ratio and reasonable employment length, which together raise credit risk.","The applicant has a short employment history (2 years), limited credit history (3.4 years), a prior default, and is requesting a large loan (33281) relative to a modest income (3332) with a debt-to-income ratio of 31.3%, indicating elevated credit risk.",
CASE_0063,APPROVE,APPROVE,APPROVE,"Income is sufficient, DTI is moderate (32.3%), stable employment (3.4 years) and credit history (3 years) with no defaults, supporting the requested amount.","Income is $4,169 with a low debt‑to‑income ratio of 32.3%, stable employment (3.4 years) and credit history (3 years), no prior defaults, and a requested loan amount that appears manageable given these metrics.","DTI is 32.3% (below typical 36% threshold), no defaults, employment and credit histories exceed 2 years, indicating acceptable risk despite modest income.",
CASE_0064,APPROVE,APPROVE,APPROVE,"Income is sufficient, DTI is moderate (32.5%), employment and credit histories exceed 3 years, no defaults, and requested amount is reasonable relative to financial profile.","Income and low debt-to-income ratio, stable employment and credit history, and no defaults support approval of the requested amount.","The applicant has a moderate debt-to-income ratio (32.5%), stable employment (3.3 years) and credit history (3.6 years), and no previous defaults, indicating acceptable credit risk.",
CASE_0065,APPROVE,APPROVE,APPROVE,"DTI is 38.3% (below common 43% limit), stable 4.5-year employment and credit history, no defaults, and income appears sufficient to support the $29,649 request.","The applicant has a low debt-to-income ratio (38.3%), no previous defaults, and solid employment and credit histories (4.5 years each), supporting approval of the requested amount.","The applicant has a moderate debt-to-income ratio (38.3%), solid employment and credit histories (4.5 years each), and no previous defaults, indicating acceptable credit risk despite the loan size.",
CASE_0066,APPROVE,APPROVE,APPROVE,"Income is sufficient, DTI is moderate (35.5%), employment and credit histories exceed 3 years, no defaults, and the requested amount is reasonable relative to the applicant's financial profile.","Income of 3320 with a debt‑to‑income ratio of 35.5% is within typical acceptable limits, employment (3.1 years) and credit history (4 years) are stable, there are no prior defaults, and the requested amount of 12,927 is reasonable relative to the applicant’s financial profile.","The applicant shows a moderate debt-to-income ratio (35.5%), solid employment (3.1 years) and credit history (4 years) with no defaults, indicating acceptable credit risk for the requested amount.",
CASE_0067,APPROVE,APPROVE,REJECT,"The applicant shows a low debt-to-income ratio (28.9%), reasonable employment (2.8 years) and credit history (4.4 years). Although there is one prior default, the overall financial metrics are within acceptable ranges, supporting approval.","Income and low debt-to-income ratio, reasonable employment and credit history length, and only a single prior default suggest the applicant has overall acceptable financial standing for the requested amount.","The applicant has a prior default and relatively short employment history (2.8 years), which increase credit risk despite a moderate debt-to-income ratio.",
CASE_0068,APPROVE,APPROVE,APPROVE,"DTI is 34.7% (below typical 36% threshold), stable employment and credit history of over 3 years, no previous defaults, and income appears sufficient to support the requested amount.","Income is solid, DTI is 34.7% (below common 36% limit), employment and credit histories exceed 3 years, no defaults, and the requested amount is reasonable relative to income.","DTI is 34.7% (below typical 36% threshold), employment and credit histories exceed 3 years, no defaults, and income appears sufficient to support the requested amount.",
CASE_0069,APPROVE,APPROVE,APPROVE,"Income is sufficient, DTI is 37.4% (below typical 43% threshold), employment history exceeds 2 years, credit history is nearly 4 years, and there are no prior defaults, supporting approval of the $22,205 request.","Income is solid, DTI (37.4%) is within typical acceptable limits, employment (2.4 years) and credit history (3.9 years) are stable, and there are no prior defaults, supporting approval of the $22,205 request.","The applicant has a moderate debt-to-income ratio (37.4%), no prior defaults, sufficient employment (2.4 years) and credit history (3.9 years), and the loan amount is reasonable relative to income.",
CASE_0070,APPROVE,APPROVE,APPROVE,"Income is solid, DTI is below 30%, employment and credit histories exceed 2 years, no defaults, and the requested amount is reasonable relative to the applicant's financial profile.","Income is solid, DTI is low (0.298), employment and credit histories are over 2 years, and there are no defaults, supporting approval of the requested amount.","The applicant has a low debt-to-income ratio (29.8%), no previous defaults, and sufficient income relative to the requested amount, outweighing the relatively short employment and credit histories.",
CASE_0071,APPROVE,APPROVE,APPROVE,"DTI is 0.43 (below common 0.45 limit), employment (3.2 yr) and credit history (4.2 yr) are stable, no defaults, and income appears adequate for the $28,220 request.","The applicant shows solid income, a moderate debt-to-income ratio (0.43), stable employment (3.2 years), a decent credit history (4.2 years) and no previous defaults, supporting approval of the requested amount.","The applicant has no previous defaults, a reasonable employment and credit history length, and the requested loan amount is modest relative to income. Although the debt-to-income ratio is 43%, it is within the upper range of typical acceptance thresholds, so the overall risk is acceptable.",
CASE_0072,APPROVE,APPROVE,APPROVE,"The applicant has a low debt-to-income ratio (28.9%), stable employment (3 years), a credit history of 2.6 years with no defaults, and income sufficient to support the requested $20,465 amount.","The applicant has a low debt-to-income ratio (0.289), no previous defaults, stable employment (3 years) and credit history (2.6 years), and sufficient income relative to the requested amount, indicating a favorable financial profile.","The applicant shows a low debt-to-income ratio (28.9%), stable employment (3 years), a credit history of 2.6 years with no defaults, and a reasonable income relative to the requested loan amount, indicating acceptable risk.",
CASE_0073,APPROVE,APPROVE,REJECT,"Income and credit profile are solid (no defaults, 4.1 yr credit history), employment >2 yr, and DTI of 44.6% is within typical acceptable limits for the requested amount.","Income is solid, DTI is moderate (44.6%), employment (2.3 years) and credit history (4.1 years) are adequate, there are no prior defaults, and the requested amount is reasonable relative to income.",High debt-to-income ratio (44.6%) and short employment history (2.3 years) indicate elevated risk despite no defaults.,
CASE_0074,APPROVE,APPROVE,APPROVE,"The applicant has a low debt-to-income ratio (29.8%), no previous defaults, a stable employment history of 2.8 years, and a solid credit history of 4.6 years, supporting approval of the requested amount.","The applicant shows a low debt-to-income ratio (29.8%), no previous defaults, solid employment (2.8 years) and credit history (4.6 years), and income that appears sufficient to support the requested amount.","DTI is low (29.8%), no defaults, credit history of 4.6 years and income of 4908 comfortably support the $29,358 request, despite a relatively short employment history.",
CASE_0075,APPROVE,APPROVE,REJECT,"The applicant has a moderate debt-to-income ratio (0.432), no previous defaults, and sufficient income relative to the requested amount, supporting approval despite relatively short employment and credit histories.","The applicant has a solid income, a moderate debt-to-income ratio (43.2%), over 2 years of employment and credit history, and no previous defaults, supporting approval of the requested amount.",High debt-to-income ratio (43.2%) combined with short employment (2.8 years) and credit (2.4 years) histories increase risk despite no defaults.,
CASE_0076,REJECT,APPROVE,REJECT,"The applicant has a debt-to-income ratio of 0.442, which exceeds typical acceptable thresholds (often ≤0.43). Despite no defaults and adequate employment and credit history, the high DTI suggests the requested loan may be unaffordable.","The applicant has a solid income, a debt‑to‑income ratio below 0.5, stable employment (2.6 years), a credit history of 3.8 years with no defaults, and the requested loan amount is proportionate to these financial strengths.","The applicant has a high debt-to-income ratio (44.2%), short employment (2.6 years) and credit histories (3.8 years), which together indicate elevated risk despite no prior defaults.",
CASE_0077,APPROVE,APPROVE,REJECT,"Income is sufficient, DTI is 45.6% (below 50%), employment and credit histories exceed 2 years, and there are no previous defaults, supporting approval of the requested amount.","Income is sufficient, DTI is below 0.5, employment and credit histories exceed 2 years, and there are no defaults, supporting approval of the requested amount.","The applicant has a high debt‑to‑income ratio (45.6%) and relatively short employment (2.8 years) and credit histories (2.3 years), which together indicate elevated risk despite no prior defaults.",
CASE_0078,APPROVE,APPROVE,APPROVE,"Income is solid, DTI is 42.4% (within typical acceptable limits), employment and credit histories are stable (>3 years), and there are no prior defaults; the requested amount is reasonable relative to income.","DTI of 42.4% is within typical acceptable limits, employment (3.9 years) and credit history (4.2 years) are solid, no previous defaults, and income appears sufficient to support the requested amount.","The applicant has a moderate debt-to-income ratio (42.4%), solid employment (3.9 years) and credit history (4.2 years) with no defaults, and the requested loan amount is reasonable relative to income.",
CASE_0079,APPROVE,APPROVE,APPROVE,"The applicant has no defaults, a debt-to-income ratio of 0.42 which is within typical acceptable limits, and sufficient employment (2.5 years) and credit history (2.3 years) to support the requested loan amount.","The applicant has a moderate debt-to-income ratio (0.42), stable employment (2.5 years) and credit history (2.3 years), no previous defaults, and income sufficient to support the requested amount, indicating a favorable financial profile.","The applicant has a moderate debt-to-income ratio (0.42), no previous defaults, and sufficient income relative to the requested amount. While employment and credit histories are relatively short, the overall financial metrics meet typical approval thresholds.",
CASE_0080,APPROVE,APPROVE,APPROVE,"The applicant has a stable employment and credit history of 4.8 years, no previous defaults, and a debt-to-income ratio of 39.6%, which is below common risk thresholds. These financial facts support approval of the requested amount.","Income is solid, DTI is 39.6% (below typical 43% threshold), employment and credit histories are stable at 4.8 years, no defaults, and the requested amount is proportionate to the applicant's financial profile.","The applicant has a moderate debt-to-income ratio (39.6%), solid employment and credit histories (4.8 years each), and no previous defaults, making the financial profile acceptable for the requested amount.",
CASE_0081,APPROVE,APPROVE,APPROVE,"Low debt-to-income (18.5%), stable employment (7.5 years) and credit history (8.1 years), no defaults, and sufficient income relative to the $42,825 request support approval.","Low debt-to-income (0.185), solid income, long employment (7.5 yr) and credit history (8.1 yr) with no defaults indicate a strong financial profile relative to the requested amount.","Low debt-to-income ratio (18.5%), solid employment (7.5 years) and credit history (8.1 years), no defaults, and income appears sufficient to support the requested loan amount.",
CASE_0082,REJECT,REJECT,REJECT,"The applicant has a high debt-to-income ratio of 0.592, which exceeds typical acceptable limits, outweighing the positive credit and employment history.","Despite long employment and credit history with no defaults, the applicant's debt-to-income ratio is high (0.592) and the requested loan amount nearly equals their income, indicating significant repayment risk.","The applicant's debt-to-income ratio is 59.2%, which is high, and the requested loan amount is close to the monthly income, indicating elevated repayment risk.",
CASE_0083,REJECT,REJECT,REJECT,"The applicant has a high debt-to-income ratio of 0.546, which exceeds typical acceptable limits, outweighing the positive factors of long employment and credit history.","The applicant has a high debt-to-income ratio of 0.546 and a requested loan amount that exceeds their income, which outweighs the positive factors of long employment and credit history and no defaults.","The applicant's debt-to-income ratio of 0.546 is high and indicates significant repayment risk, outweighing the positive factors of long credit and employment history and no defaults.",
CASE_0084,APPROVE,APPROVE,REJECT,"The applicant shows a low debt-to-income ratio (29.8%), long employment (12.7 years) and credit history (19.4 years), and only one prior default, indicating overall strong financial standing relative to the requested amount.","The applicant has a low debt-to-income ratio (0.298), long employment (12.7 years) and credit history (19.4 years) despite one prior default, indicating an overall strong financial profile.","The applicant has a prior default and the requested loan (14,398) exceeds their income (7,979), while existing debt already consumes about 30% of income, indicating higher credit risk.",
CASE_0085,APPROVE,APPROVE,REJECT,"The applicant shows a low debt‑to‑income ratio (27.8%), long employment (12.1 years) and credit history (8.6 years). Although there is one prior default, the overall financial profile meets typical lending thresholds, supporting approval.","The applicant shows strong financial metrics: solid income, low debt-to-income ratio (27.8%), long employment (12.1 years) and credit history (8.6 years). Although there is one prior default, the overall profile is favorable, supporting approval of the requested amount.","The applicant has a prior default and is requesting a loan amount that exceeds twice their monthly income, indicating higher credit risk despite acceptable DTI, employment, and credit history length.",
CASE_0086,APPROVE,APPROVE,APPROVE,"The applicant shows strong financial stability with a low debt-to-income ratio (15.2%), long employment (10.6 years) and credit history (17.7 years). Despite one previous default, the overall profile is solid, supporting approval of the requested amount.","Low debt-to-income ratio (0.152), long employment (10.6 years) and credit history (17.7 years) indicate strong repayment capacity, outweighing the single prior default.","Low debt-to-income ratio (0.152), long employment (10.6 years) and credit history (17.7 years) indicate strong repayment capacity, outweighing the single previous default.",
CASE_0087,APPROVE,APPROVE,APPROVE,"The applicant has a low debt‑to‑income ratio (21.9%), long employment (10.5 years) and credit histories (10.9 years), and sufficient income relative to the requested amount. Although there is one prior default, the overall financial profile is strong enough to merit approval.","The applicant shows strong financial indicators: low debt-to-income ratio (0.219), long employment (10.5 years) and credit history (10.9 years), and sufficient income relative to the requested amount. Although there is one previous default, the overall profile is favorable.","The applicant has a low debt-to-income ratio (21.9%), long employment (10.5 years) and credit history (10.9 years). Although there is one previous default, the overall financial profile is strong enough to mitigate the risk.",
CASE_0088,APPROVE,APPROVE,APPROVE,"Low debt-to-income ratio (0.164), long employment (12 years) and credit history (13.8 years), no previous defaults, and sufficient income support the requested amount.","Low debt-to-income (16.4%), long employment (12 years) and credit history (13.8 years), no defaults, and sufficient income relative to requested amount indicate a strong financial profile.","Low debt-to-income (16.4%), long employment (12 years) and credit history (13.8 years), no defaults, and income sufficient relative to the $54,533 request indicate acceptable risk.",
CASE_0089,APPROVE,APPROVE,APPROVE,"The applicant shows a low debt‑to‑income ratio (25.9%), stable employment (5.7 years), a long credit history (15 years) and no previous defaults, supporting approval of the $35,599 request.","Income is sufficient, debt-to-income ratio is low (0.259), employment history is stable (5.7 years), credit history is long (15 years) and there are no defaults, supporting approval of the requested amount.","The applicant shows a low debt-to-income ratio (0.259), solid employment (5.7 years) and credit history (15 years) with no defaults, supporting approval of the requested amount.",
CASE_0090,APPROVE,APPROVE,APPROVE,"The applicant shows strong financial indicators: low debt-to-income ratio (16.4%), long employment (14.2 years) and credit history (7.4 years). Despite one prior default, the overall profile is solid and the requested amount is reasonable relative to income.","The applicant shows strong financial indicators: low debt-to-income ratio (0.164), long employment history (14.2 years), and solid credit history length (7.4 years). Although there is one previous default, the overall profile is favorable, supporting approval of the requested amount.","Low debt-to-income ratio (0.164), long employment (14.2 years) and credit history (7.4 years) indicate strong repayment capacity, outweighing the single previous default.",
CASE_0091,REJECT,APPROVE,REJECT,"The applicant's debt-to-income ratio is 0.497 (49.7%), which is above typical acceptable limits, making the loan too risky despite a clean default record and long employment/credit history.","The applicant has a long employment history (13.2 years), extensive credit history (9.6 years) and no prior defaults, which offset the relatively high debt‑to‑income ratio (0.497) and support approval.","The applicant's debt-to-income ratio is 49.7%, which is relatively high and poses a significant risk despite long employment and credit histories and no defaults.",
CASE_0092,APPROVE,APPROVE,APPROVE,"Low debt-to-income ratio (15.5%), stable 5-year employment, 5.5-year credit history, and no previous defaults indicate strong repayment capacity for the requested amount.","Low debt-to-income (15.5%), solid income, stable employment (5 years) and credit history (5.5 years) with no defaults support approval of the $51,407 request.","The applicant shows strong financial metrics: low debt-to-income ratio (15.5%), stable employment (5 years) and credit history (5.5 years), no defaults, and sufficient income, indicating manageable risk despite the requested loan amount.",
CASE_0093,APPROVE,APPROVE,APPROVE,"The applicant shows a low debt-to-income ratio (0.254), stable employment (6.7 years), long credit history (13.5 years) and no previous defaults, indicating strong repayment capacity for the requested amount.","Income is strong, DTI is low (0.254), long employment (6.7 years) and credit history (13.5 years) with no defaults, supporting approval of the $41,122 request.","Low debt-to-income ratio (25.4%), solid employment (6.7 years) and credit history (13.5 years), and no previous defaults indicate acceptable risk despite the requested loan size.",
CASE_0094,REJECT,REJECT,REJECT,"The debt-to-income ratio of 0.591 (59.1%) is substantially above typical acceptable limits, and the requested loan amount exceeds the applicant's income, indicating high repayment risk despite no defaults and long credit/employment history.","The applicant has a high debt-to-income ratio of 0.591 and the requested loan (26020) exceeds their income (12015), outweighing the positive factors of long employment and credit history and no defaults.",High debt-to-income ratio (0.591) and low income relative to the requested amount indicate significant risk despite long employment and credit history and no defaults.,
CASE_0095,APPROVE,APPROVE,APPROVE,"Low debt-to-income ratio (15.5%), stable employment (6.4 years) and credit history (6.2 years), no defaults, and sufficient income relative to the requested amount support approval.","Low debt-to-income ratio (15.5%), stable employment (6.4 years) and credit history (6.2 years), no defaults, and sufficient income relative to the requested amount support approval.","Low debt-to-income (15.5%), solid employment (6.4 yr) and credit history (6.2 yr), no defaults, and income appears sufficient to support the $52,435 loan.",
CASE_0096,APPROVE,APPROVE,APPROVE,"The applicant has a low debt‑to‑income ratio (24.5%), long employment (13.8 years) and credit history (9 years), which outweigh the single previous default, supporting approval.","The applicant has a low debt‑to‑income ratio (24.5%), long employment (13.8 years) and credit history (9 years), which outweigh the single prior default, indicating a favorable financial profile.","The applicant has a low debt-to-income ratio (24.5%), long employment (13.8 years) and credit history (9 years). Although there is one prior default, the overall financial profile is strong enough to merit approval.",
CASE_0097,APPROVE,APPROVE,APPROVE,"Low debt-to-income ratio (17.5%), solid employment (6.9 years) and credit history (12.1 years), no defaults, and sufficient income support the requested amount.","Low debt-to-income ratio (0.175), stable employment (6.9 years), long credit history (12.1 years), no defaults, and sufficient income support the requested amount of 48064.","Low debt-to-income ratio (17.5%), solid employment (6.9 years) and credit history (12.1 years), and no previous defaults indicate a low risk profile despite the requested loan amount.",
CASE_0098,APPROVE,APPROVE,APPROVE,"Low debt-to-income ratio (15.7%), long employment (9.3 years) and credit history (5.4 years), and no previous defaults indicate strong repayment capacity for the requested amount.","Low debt-to-income ratio (15.7%), long employment (9.3 years) and credit history (5.4 years), no defaults, and sufficient income relative to the requested amount indicate a favorable financial profile.","Low debt-to-income ratio (15.7%), long employment (9.3 years) and credit histories (5.4 years), no prior defaults, and a loan amount that is reasonable relative to the applicant's income support approval.",
CASE_0099,REJECT,REJECT,REJECT,"The applicant has a high debt-to-income ratio of 56.5% and requests an amount that exceeds their income, which outweighs the positive factors of no defaults and long employment/credit history.","Despite long employment and credit histories and no defaults, the applicant's debt-to-income ratio of 0.565 and relatively low income of 13,305 compared to the requested amount of 25,405 indicate a high repayment risk.","The applicant has a high debt-to-income ratio of 56.5% and requests a loan amount that exceeds twice their annual income, indicating significant repayment risk despite a solid employment and credit history.",
CASE_0100,REJECT,APPROVE,REJECT,"The applicant has a high debt-to-income ratio of 0.535, which exceeds typical acceptable limits, outweighing the positive factors of long employment and credit history.","The applicant has a long employment history (13.3 years), extensive credit history (15.3 years), and no previous defaults, which are strong positive indicators despite a relatively high debt‑to‑income ratio of 0.535.","The applicant's debt-to-income ratio of 0.535 is high, indicating significant repayment risk despite long employment and credit histories and no defaults.",
