scope,case_type,metric,value
OVERALL,,total_cases,100.0
OVERALL,,consistent_cases,95.0
OVERALL,,consistency_rate,0.95
OVERALL,,inconsistent_cases,5.0
OVERALL,,decision_flip_rate,0.05
OVERALL,,positive_alignment,1.0
OVERALL,,negative_alignment,3.0
OVERALL,,both_alignment,0.0
OVERALL,,total_alignment,4.0
OVERALL,,alignment_rate,0.04
CASE_TYPE,BORDERLINE,total_cases,20.0
CASE_TYPE,BORDERLINE,consistent_cases,17.0
CASE_TYPE,BORDERLINE,inconsistent_cases,3.0
CASE_TYPE,BORDERLINE,consistency_rate,0.85
CASE_TYPE,BORDERLINE,decision_flip_rate,0.15
CASE_TYPE,BORDERLINE,positive_alignment,0.0
CASE_TYPE,BORDERLINE,negative_alignment,2.0
CASE_TYPE,BORDERLINE,both_alignment,0.0
CASE_TYPE,BORDERLINE,total_alignment,2.0
CASE_TYPE,BORDERLINE,alignment_rate,0.1
CASE_TYPE,CLEAR_APPROVE,total_cases,30.0
CASE_TYPE,CLEAR_APPROVE,consistent_cases,30.0
CASE_TYPE,CLEAR_APPROVE,inconsistent_cases,0.0
CASE_TYPE,CLEAR_APPROVE,consistency_rate,1.0
CASE_TYPE,CLEAR_APPROVE,decision_flip_rate,0.0
CASE_TYPE,CLEAR_APPROVE,positive_alignment,0.0
CASE_TYPE,CLEAR_APPROVE,negative_alignment,0.0
CASE_TYPE,CLEAR_APPROVE,both_alignment,0.0
CASE_TYPE,CLEAR_APPROVE,total_alignment,0.0
CASE_TYPE,CLEAR_APPROVE,alignment_rate,0.0
CASE_TYPE,CLEAR_REJECT,total_cases,30.0
CASE_TYPE,CLEAR_REJECT,consistent_cases,29.0
CASE_TYPE,CLEAR_REJECT,inconsistent_cases,1.0
CASE_TYPE,CLEAR_REJECT,consistency_rate,0.9666666666666667
CASE_TYPE,CLEAR_REJECT,decision_flip_rate,0.03333333333333333
CASE_TYPE,CLEAR_REJECT,positive_alignment,1.0
CASE_TYPE,CLEAR_REJECT,negative_alignment,0.0
CASE_TYPE,CLEAR_REJECT,both_alignment,0.0
CASE_TYPE,CLEAR_REJECT,total_alignment,1.0
CASE_TYPE,CLEAR_REJECT,alignment_rate,0.03333333333333333
CASE_TYPE,CONFLICTING,total_cases,20.0
CASE_TYPE,CONFLICTING,consistent_cases,19.0
CASE_TYPE,CONFLICTING,inconsistent_cases,1.0
CASE_TYPE,CONFLICTING,consistency_rate,0.95
CASE_TYPE,CONFLICTING,decision_flip_rate,0.05
CASE_TYPE,CONFLICTING,positive_alignment,0.0
CASE_TYPE,CONFLICTING,negative_alignment,1.0
CASE_TYPE,CONFLICTING,both_alignment,0.0
CASE_TYPE,CONFLICTING,total_alignment,1.0
CASE_TYPE,CONFLICTING,alignment_rate,0.05
