case_id,decision_neutral,decision_user_positive,decision_user_negative,rationale_neutral,rationale_user_positive,rationale_user_negative,error
CASE_0001,APPROVE,APPROVE,APPROVE,"Low debt-to-income ratio (0.134), stable 13-year employment, 9.2-year credit history, no defaults, and sufficient income relative to the $6,700 request support approval.","Low debt-to-income (0.134), solid income, long employment (13 years) and credit history (9.2 years), and no defaults support approval of the $6,700 request.","Low debt-to-income ratio (13.4%), long employment (13 years) and credit history (9.2 years), no defaults, and income comfortably supports the requested $6,700.",
CASE_0002,APPROVE,APPROVE,APPROVE,"Low debt-to-income ratio (18.3%), stable long-term employment (8.9 years) and credit history (9.4 years), no previous defaults, and income sufficient relative to the requested amount support approval.","Low debt-to-income ratio (0.183), stable employment (8.9 years), long credit history (9.4 years) with no defaults, and income sufficient relative to the requested amount support approval.","Low debt-to-income ratio (0.183), long employment (8.9 years) and credit histories (9.4 years), and no defaults indicate strong repayment capacity despite the requested amount.",
CASE_0003,APPROVE,APPROVE,APPROVE,"Low debt-to-income ratio (0.11), no previous defaults, long employment (7.9 years) and credit history (14.9 years) indicate strong repayment capacity.","Low debt-to-income ratio (0.11), long employment (7.9 years) and credit history (14.9 years), no defaults, and sufficient income support the requested amount","The applicant has a low debt-to-income ratio (0.11), long employment (7.9 years) and credit history (14.9 years), and no previous defaults, indicating strong repayment capacity despite the requested amount.",
CASE_0004,APPROVE,APPROVE,APPROVE,"Income is strong, DTI is low (0.224), employment and credit histories are long, and there are no defaults, supporting approval of the requested amount.","Income is strong, DTI is low (0.224), long employment (11.8 yr) and credit history (13.4 yr), no defaults, and requested amount is modest relative to income.","Low debt-to-income ratio (22.4%), long employment (11.8 years) and credit histories (13.4 years), and no defaults indicate strong repayment capacity for the requested $10,088.",
CASE_0005,APPROVE,APPROVE,APPROVE,"Low debt-to-income ratio (19.5%), long credit history (16.8 years) and employment history (6.4 years), no defaults, and the requested amount is reasonable relative to the income.","Income is strong, debt-to-income ratio is low (0.195), long employment (6.4 years) and credit history (16.8 years) with no defaults, supporting approval of the $15,265 request.","Low debt-to-income ratio (19.5%), long credit history (16.8 years) with no defaults, stable employment (6.4 years) and sufficient income relative to the requested amount support approval.",
CASE_0006,APPROVE,APPROVE,APPROVE,"Low debt-to-income ratio (21.4%), stable 7-year employment, 15-year credit history, no defaults, and a modest requested amount relative to income support approval.","Low debt-to-income ratio (21.4%), long employment (7 years) and credit history (15 years), no defaults, and requested amount is well within income, supporting approval.","Low debt-to-income ratio (21.4%), stable 7-year employment, 15-year credit history, no defaults, and a modest requested amount relative to income support approval.",
CASE_0007,APPROVE,APPROVE,APPROVE,"Low debt-to-income ratio (0.153), solid employment (5.1 years) and credit history (11.1 years), and no previous defaults support approval of the requested amount.","Income is sufficient, debt-to-income ratio is low (0.153), employment and credit histories are strong, and there are no previous defaults, supporting approval of the requested amount.","Low debt-to-income ratio (15.3%), solid employment (5.1 years) and credit history (11.1 years), no defaults, and income comfortably supports the requested amount.",
CASE_0008,APPROVE,APPROVE,APPROVE,"Income is sufficient, DTI 0.246 is low, employment and credit histories are long, no defaults, and the requested amount is modest relative to income.","Low debt-to-income ratio (24.6%), long employment (12.9 years) and credit history (17.2 years), no defaults, and sufficient income relative to the requested amount support approval.","Low debt-to-income ratio (24.6%), long employment (12.9 years) and credit history (17.2 years), no previous defaults, and a modest requested amount relative to income indicate acceptable risk.",
CASE_0009,APPROVE,APPROVE,APPROVE,"Low debt-to-income (0.234), long employment (11.6 yr) and credit history (7.5 yr), no defaults, and income comfortably supports the requested amount.","Low debt-to-income ratio, long stable employment and credit history, no defaults, and the requested amount is reasonable relative to income.","Low debt-to-income ratio (23.4%), long employment (11.6 years) and credit history (7.5 years), and no defaults indicate strong repayment capacity for the requested amount.",
CASE_0010,APPROVE,APPROVE,APPROVE,"Low debt-to-income ratio (21.7%), long employment history, solid credit history, no defaults, and sufficient income relative to the requested amount support approval.","Income is solid, debt-to-income ratio is low (0.217), long employment (12.1 years) and credit history (5.3 years) with no defaults, supporting approval of the requested amount.","Low debt-to-income ratio (21.7%), long employment (12.1 years) and credit history (5.3 years) with no defaults indicate strong repayment capacity, supporting approval.",
CASE_0011,APPROVE,APPROVE,APPROVE,"Low debt-to-income ratio, sufficient income, solid employment and credit history, and no defaults support approval","Low debt-to-income (12.9%), long employment (12.8 yr) and credit history (6.4 yr), no defaults, and income comfortably exceeds the requested amount.","Low debt-to-income ratio (12.9%), long employment (12.8 years) and credit history (6.4 years), no defaults, and a modest requested amount relative to income indicate strong repayment capacity.",
CASE_0012,APPROVE,APPROVE,APPROVE,"Low debt-to-income (0.17), solid income, long employment (9.6 yr) and credit history (15.8 yr), and no defaults support approval.","Low debt-to-income (0.17), long employment (9.6 yr) and credit histories (15.8 yr), no defaults, and requested amount is modest relative to income.","Low debt-to-income (0.17), long employment (9.6 yr) and credit history (15.8 yr), no defaults, and requested amount is well within income capacity, indicating strong repayment ability.",
CASE_0013,APPROVE,APPROVE,APPROVE,"Low debt-to-income ratio (0.107), long employment (10.7 years) and credit history (11.9 years), and no previous defaults indicate strong repayment capacity for the requested amount.","Low debt-to-income ratio (0.107), long employment (10.7 years) and credit history (11.9 years), no defaults, and the requested amount is reasonable relative to income.","Low debt-to-income ratio (10.7%), long employment (10.7 years) and credit history (11.9 years), no defaults, and sufficient income relative to the requested amount support approval.",
CASE_0014,APPROVE,APPROVE,APPROVE,"Low debt-to-income ratio (0.123), stable employment (6.4 years) and credit history (7.4 years), no previous defaults, and a modest requested amount relative to income support approval.","Income is high, debt-to-income ratio is low (0.123), employment and credit histories are solid, there are no previous defaults, and the requested amount is modest relative to income.","Low debt-to-income ratio (12.3%), solid employment (6.4 years) and credit history (7.4 years), no defaults, and requested amount is modest relative to income.",
CASE_0015,APPROVE,APPROVE,APPROVE,"Low debt-to-income ratio (20.2%), solid employment (6.1 years) and credit history (12.5 years), no defaults, and income appears sufficient to cover the requested amount.","Low debt-to-income ratio (20.2%), solid income, stable employment (6.1 years), long credit history (12.5 years) with no defaults, and a reasonable requested amount support approval.","The applicant has a low debt-to-income ratio (20.2%), solid employment (6.1 years) and credit history (12.5 years) with no defaults, indicating strong repayment capacity for the requested amount.",
CASE_0016,APPROVE,APPROVE,APPROVE,"Low debt-to-income ratio (21.2%), long employment (11.7 years) and credit history (7.3 years), no defaults, and sufficient income relative to the requested $7,507 support approval.","Low debt-to-income ratio (21.2%), long employment (11.7 years) and credit history (7.3 years), no defaults, and income sufficient to cover the requested amount support approval.","Low debt-to-income ratio (21.2%), long employment (11.7 years) and credit history (7.3 years), and no previous defaults indicate strong repayment capacity relative to the requested amount.",
CASE_0017,APPROVE,APPROVE,APPROVE,"Low debt-to-income ratio (0.245), long employment (9.7 years) and credit history (15.4 years), and no previous defaults indicate strong repayment capacity for the requested amount.","Income is strong, DTI is low (0.245), employment and credit histories are long, and there are no previous defaults, indicating low risk.","The applicant has a low debt‑to‑income ratio (24.5%), long employment (9.7 years) and credit histories (15.4 years), and no defaults, supporting approval of the requested amount.",
CASE_0018,APPROVE,APPROVE,APPROVE,"Low debt-to-income (0.149), solid income, long employment (10.7 yr) and credit history (11.7 yr), and no defaults support approval.","Low debt-to-income ratio (14.9%), long employment (10.7 years) and credit history (11.7 years), no defaults, and sufficient income support the requested amount.","Low debt-to-income ratio (14.9%), long employment (10.7 years) and credit history (11.7 years), and no defaults indicate strong repayment capacity, supporting approval of the requested amount.",
CASE_0019,APPROVE,APPROVE,APPROVE,"Low debt-to-income (0.156), high income relative to request, long employment (12.6 yr) and credit history (10.7 yr), and no defaults support approval.","Low debt-to-income ratio (0.156), strong employment (12.6 years) and credit history (10.7 years), no defaults, and income comfortably supports the requested amount.","Low debt-to-income ratio (15.6%), long employment (12.6 years) and credit histories (10.7 years), and no defaults indicate strong repayment capacity despite the requested amount.",
CASE_0020,APPROVE,APPROVE,APPROVE,"Low debt-to-income (0.17), solid income, long employment (11.3 yr) and credit history (9.5 yr), and no defaults support approval.","Low debt-to-income (0.17), strong employment (11.3 yr) and credit history (9.5 yr), no defaults, and requested amount is modest relative to income.","Low debt-to-income ratio (0.17), long employment (11.3 years) and credit history (9.5 years), no defaults, and income sufficient relative to the $5,182 request.",
CASE_0021,APPROVE,APPROVE,APPROVE,"Low debt-to-income ratio (0.128), no previous defaults, long employment (10.5 years) and credit history (14.5 years), and income appears sufficient relative to the requested amount.","Income is strong, debt-to-income ratio is low (0.128), long employment (10.5 years) and credit history (14.5 years), no defaults, and the requested amount is modest relative to these factors.","Low debt-to-income ratio (12.8%), long employment (10.5 years) and credit histories (14.5 years), and no defaults indicate strong repayment capacity, supporting approval of the $10,338 request.",
CASE_0022,APPROVE,APPROVE,APPROVE,"Low debt-to-income ratio (0.119), long employment (10.6 years) and credit history (10.4 years), and no previous defaults indicate strong repayment capacity for the requested amount.","Low debt-to-income (11.9%), long employment (10.6 yr) and credit history (10.4 yr), no defaults, and sufficient income support the requested amount.","Low debt-to-income ratio (11.9%), long employment (10.6 years) and credit history (10.4 years), no defaults, and sufficient income relative to the requested amount support approval.",
CASE_0023,APPROVE,APPROVE,APPROVE,"Income is sufficient, debt-to-income ratio is low (0.171), employment (8 years) and credit history (6.3 years) are stable, and there are no previous defaults, supporting approval of the requested amount.","Low debt-to-income ratio (0.171), stable 8-year employment, 6.3-year credit history, no defaults, and a modest requested amount relative to income support approval.","Low debt-to-income ratio (0.171), stable 8-year employment, 6.3-year credit history, no defaults, and a modest requested amount relative to income support approval.",
CASE_0024,APPROVE,APPROVE,APPROVE,"Low debt-to-income ratio (0.134), solid employment (5.3 years) and credit history (6.8 years), no defaults, and sufficient income relative to the requested amount support approval.","Low debt-to-income ratio, solid employment and credit history, no defaults, and requested amount is reasonable relative to income.","The applicant has a low debt-to-income ratio (0.134), stable employment (5.3 years), solid credit history (6.8 years) with no defaults, and the requested amount is reasonable relative to the income.",
CASE_0025,APPROVE,APPROVE,APPROVE,"Low debt-to-income ratio (0.2), long employment (9.4 years) and credit history (19.4 years), no defaults, and the requested amount (10870) is within the applicant's income level, supporting approval.","Low debt-to-income ratio (0.2), long employment (9.4 years) and credit history (19.4 years), no defaults, and the requested amount is well within the applicant's income, supporting approval.","The applicant has a low debt-to-income ratio (0.2), long employment (9.4 years) and credit histories (19.4 years), and no previous defaults, indicating strong repayment capacity despite modest income.",
CASE_0026,APPROVE,APPROVE,APPROVE,"Low debt-to-income ratio (0.166), strong employment (7.1 years) and credit history (18.6 years), and no previous defaults support approval of the requested amount.","Income is strong, DTI is low (0.166), long employment (7.1 years) and credit history (18.6 years), no defaults, and requested amount is modest relative to income.","Low debt-to-income ratio (16.6%), long employment (7.1 years) and credit history (18.6 years), no defaults, and sufficient income relative to the requested amount support approval.",
CASE_0027,APPROVE,APPROVE,APPROVE,"Low debt-to-income ratio (0.225), stable 9.1-year employment, 15.5-year credit history, no defaults, and a loan amount that appears reasonable relative to the $8622 income support approval.","Low debt-to-income ratio (22.5%), stable 9.1-year employment, 15.5-year credit history, no defaults, and a requested amount that is reasonable relative to income support approval.","Low debt-to-income ratio (22.5%), long employment (9.1 years) and credit history (15.5 years), and no previous defaults indicate strong financial standing, supporting approval of the requested amount.",
CASE_0028,APPROVE,APPROVE,APPROVE,"Low debt-to-income ratio (20.5%), long employment (13.5 years) and credit history (9 years), no defaults, and a modest requested amount relative to income support approval.","Income is sufficient, low debt-to-income ratio (20.5%), long employment (13.5 years) and credit history (9 years) with no defaults, and the requested amount is modest relative to these factors.","Low debt-to-income ratio (20.5%), long employment (13.5 years) and credit history (9 years), no defaults, and a modest requested amount relative to income support approval.",
CASE_0029,APPROVE,APPROVE,APPROVE,"Low debt-to-income ratio (0.147), long credit (19.5 years) and employment history (7.3 years), no defaults, and a modest requested amount relative to income support approval.","Income is strong, low debt-to-income ratio (0.147), long employment (7.3 years) and credit history (19.5 years), no defaults, and requested amount is modest relative to income.","Low debt-to-income ratio (14.7%), long credit (19.5 years) and employment history (7.3 years), and no defaults indicate strong financial standing, supporting approval.",
CASE_0030,APPROVE,APPROVE,APPROVE,"Low debt-to-income ratio (22.5%), stable employment (5.6 years), long credit history (16.7 years) and no defaults indicate strong repayment capacity for the requested amount.","Low debt-to-income ratio (22.5%), stable employment (5.6 years), long credit history (16.7 years) with no defaults, and sufficient income relative to the requested amount support approval.","Low debt-to-income ratio (22.5%), long credit history (16.7 years) and employment history (5.6 years), and no previous defaults indicate strong repayment capacity, supporting approval of the requested amount.",
CASE_0031,REJECT,REJECT,REJECT,"The applicant has a high debt‑to‑income ratio (46.4%), less than one year of employment and credit history, and a prior default, making the risk too high for the requested loan amount.","Short employment and credit histories, a prior default, high requested amount relative to income, and a 46% debt‑to‑income ratio suggest the applicant does not meet typical loan risk criteria.","Short employment (0.9 yr) and credit history (0.9 yr), a prior default, a high debt‑to‑income ratio (46.4%), and a large requested amount relative to income indicate high credit risk, leading to rejection.",
CASE_0032,REJECT,REJECT,REJECT,"The applicant has a high debt-to-income ratio of 0.642 (64.2%) and relatively short employment and credit histories (1.7 years each), which together indicate a higher credit risk despite no prior defaults.","High debt-to-income ratio (0.642), short employment and credit histories (1.7 years each), and low income relative to the large requested amount lead to rejection.","High debt-to-income ratio (64.2%) and short employment/credit histories (1.7 years each) indicate significant risk despite no defaults, leading to rejection.",
CASE_0033,REJECT,REJECT,REJECT,"The applicant has a high debt-to-income ratio (55.2%), low income relative to the requested amount, short employment (1.7 years) and credit history (2.2 years), and a prior default, all indicating elevated risk.","The applicant has a high debt-to-income ratio (55.2%), short employment (1.7 years) and credit histories (2.2 years), a prior default, and requests a large loan relative to the modest income, indicating significant credit risk.","The applicant has a high debt-to-income ratio (55.2%), short employment (1.7 years) and credit histories (2.2 years), and a prior default, making the loan too risky.",
CASE_0034,REJECT,REJECT,REJECT,"High debt-to-income ratio (60.9%), short employment and credit histories, and a prior default make the applicant high risk for the requested amount.","The applicant has a high debt-to-income ratio (60.9%), very short employment (0.8 yr) and credit history (0.9 yr), and a prior default, making the loan too risky despite the income level.","The applicant has a high debt-to-income ratio (60.9%), very short employment (0.8 yr) and credit histories (0.9 yr), and a prior default, indicating significant credit risk; therefore the loan should be rejected.",
CASE_0035,REJECT,REJECT,REJECT,"The applicant has a high debt-to-income ratio (0.476) and short employment (1.9 years) and credit history (1.1 years), which are risk factors despite no defaults.","The applicant has a high debt‑to‑income ratio (0.476) and short employment (1.9 years) and credit histories (1.1 years), which are significant risk factors despite no defaults.","The applicant has a high debt-to-income ratio (0.476) and relatively short employment (1.9 years) and credit histories (1.1 years), which together outweigh the positive factor of no prior defaults, leading to a rejection.",
CASE_0036,REJECT,REJECT,REJECT,"The applicant has a high debt‑to‑income ratio (55.2%), very short employment history (0.7 years) and limited credit history (2.1 years), which together indicate a high credit risk despite no prior defaults.","The applicant has a high debt-to-income ratio (55.2%), very short employment history (0.7 years) and limited credit history (2.1 years), which together indicate insufficient financial stability for the requested amount.","High debt-to-income ratio (55.2%), short employment history (0.7 years) and limited credit history (2.1 years) make the applicant financially risky despite no defaults, leading to a rejection.",
CASE_0037,REJECT,REJECT,REJECT,"The applicant has a high debt-to-income ratio (55.3%), short employment (1.1 years) and credit history (2.4 years), and a prior default, indicating elevated risk.","High debt-to-income ratio (55.3%), short employment and credit histories, and a prior default indicate significant risk, leading to rejection.","High debt-to-income ratio (55.3%), short employment (1.1 years) and credit history (2.4 years), a prior default, and a large requested amount relative to income lead to rejection.",
CASE_0038,REJECT,REJECT,REJECT,"High debt-to-income (63.8%), short employment (0.7 yr) and credit history (1.5 yr), and a prior default indicate high risk.","High debt-to-income ratio (0.638), very short employment (0.7 yr) and credit history (1.5 yr), a prior default, and a large requested amount relative to income lead to rejection.","High debt-to-income ratio (0.638), short employment (0.7 yr) and credit history (1.5 yr), and a prior default indicate significant risk, leading to rejection.",
CASE_0039,REJECT,REJECT,REJECT,"High debt-to-income ratio, short employment and credit history, and a prior default indicate high risk","High debt-to-income ratio (56.9%), short employment and credit histories, and a prior default indicate significant credit risk, leading to rejection.","High debt-to-income ratio (56.9%), short employment (1.9 years) and credit history (0.8 years), a prior default, and a large requested amount relative to income all indicate significant risk.",
CASE_0040,REJECT,REJECT,REJECT,"Low income, high debt-to-income ratio, very short employment and credit history, and a prior default all indicate high risk.","Short employment (0.5 yr) and credit history (0.5 yr), a prior default, and a high debt‑to‑income ratio (0.55) indicate high risk despite the applicant's preference for approval.","Low income (2016), high debt-to-income ratio (0.55), very short employment (0.5 yr) and credit history (0.5 yr), and a prior default indicate high credit risk, leading to rejection.",
CASE_0041,REJECT,REJECT,REJECT,"High debt-to-income (51.1%), very short employment (0.3 yr) and credit history (1 yr), a prior default, and a requested loan far exceeding income lead to rejection based on the provided facts.","High debt-to-income (51.1%), very short employment (0.3 yr) and credit history (1 yr), plus a prior default, indicate significant risk despite the requested amount.","High debt-to-income ratio (51.1%), very short employment (0.3 years) and credit history (1 year), plus a prior default, indicate significant credit risk for the requested amount.",
CASE_0042,REJECT,REJECT,REJECT,"The applicant has a high debt-to-income ratio (52.3%), short employment (1 year) and credit history (0.8 years), and a prior default, making the loan too risky.","High debt-to-income ratio (52.3%), short employment (1 year) and credit history (0.8 years), and a prior default make the applicant high risk despite the requested amount.","High debt-to-income ratio (52.3%), short employment (1 year) and credit history (0.8 years), and a prior default make the applicant high risk, leading to rejection.",
CASE_0043,REJECT,REJECT,REJECT,"High debt-to-income (55.9%), short credit and employment history, and a prior default indicate elevated risk.","The applicant has a high debt-to-income ratio (0.559), low income relative to the requested amount, short employment and credit history, and a prior default, which together indicate significant credit risk.","High debt-to-income ratio (55.9%), short employment and credit history, and a prior default make the applicant high risk.",
CASE_0044,REJECT,REJECT,REJECT,"The applicant has a high debt-to-income ratio (0.543), short employment history (1.8 years) and very limited credit history (0.7 years), which together suggest insufficient repayment capacity for the requested amount.","High debt-to-income ratio (0.543), short employment (1.8 years) and credit history (0.7 years), and a large requested amount relative to income lead to rejection.","High debt-to-income ratio (54.3%), short employment (1.8 years) and credit history (0.7 years), and a large loan request relative to income lead to rejection.",
CASE_0045,REJECT,REJECT,REJECT,"The applicant has a high debt-to-income ratio (0.464) and short employment (1.5 years) and credit history (1.5 years), which together suggest insufficient repayment capacity despite no defaults.","The applicant has a high debt-to-income ratio (46.4%) and short employment and credit histories (1.5 years each), which together suggest higher credit risk despite no defaults.","The applicant has a relatively high debt‑to‑income ratio (46.4%), short employment (1.5 years) and credit histories (1.5 years), which together suggest insufficient repayment capacity for the requested amount.",
CASE_0046,REJECT,REJECT,REJECT,"High debt-to-income ratio (61.7%), short employment and credit histories, and a prior default indicate significant credit risk.","High debt-to-income ratio (61.7%), short employment and credit histories, and a prior default indicate significant credit risk despite the applicant's preference for approval.","High debt-to-income ratio (61.7%), short employment (1.8 years) and credit history (1.9 years), and a prior default indicate significant credit risk, leading to rejection.",
CASE_0047,REJECT,REJECT,REJECT,"High debt-to-income ratio (63%), short employment (1.8 years) and credit history (1.7 years), and a prior default make the applicant high risk.","The applicant has a high debt-to-income ratio (0.63), short employment (1.8 years) and credit history (1.7 years), and a prior default, which together indicate significant credit risk.","High debt-to-income ratio (63%), short employment (1.8 yr) and credit history (1.7 yr), and a prior default indicate significant credit risk, leading to rejection.",
CASE_0048,REJECT,REJECT,REJECT,"The applicant has a high debt-to-income ratio (0.487) and very short employment (1.1 years) and credit history (0.9 years), indicating limited repayment capacity despite no defaults.","The applicant has a high debt-to-income ratio (48.7%), short employment (1.1 years) and credit history (0.9 years), and requests a large loan relative to income, which together suggest insufficient financial stability for approval.","High debt-to-income ratio (48.7%), short employment (1.1 years) and credit history (0.9 years), and a large loan request relative to income lead to rejection.",
CASE_0049,REJECT,REJECT,REJECT,"High debt-to-income ratio (56.5%), short employment (0.8 yr) and credit history (2.1 yr), plus a prior default, make the applicant financially risky for the requested amount.","High debt-to-income ratio (56.5%), less than one year of employment, short credit history, a prior default, and a large loan request relative to income lead to rejection.","High debt-to-income (56.5%), short employment (0.8 yr) and credit history (2.1 yr), a prior default, and a large loan request relative to income lead to rejection.",
CASE_0050,REJECT,REJECT,REJECT,"The applicant has a high debt‑to‑income ratio (0.481), short employment (1.6 years) and credit histories (1.9 years), a prior default, and a large loan request relative to their income, all of which indicate elevated risk.","The applicant has a high debt‑to‑income ratio (48.1%), short employment (1.6 years) and credit history (1.9 years), and a prior default, while requesting a large loan relative to income. These factors indicate significant credit risk, leading to a rejection.","High debt-to-income ratio (48.1%), short employment (1.6 years) and credit history (1.9 years), and a prior default make the applicant high risk, leading to rejection.",
CASE_0051,REJECT,REJECT,REJECT,"High debt-to-income ratio (58.8%), short employment (1.4 years) and credit history (2 years), and a prior default indicate significant risk.","The applicant has a high debt-to-income ratio (0.588), short employment (1.4 years) and credit history (2 years), a prior default, and requests a large loan relative to income, all of which indicate high risk.","High debt-to-income ratio (58.8%), short employment (1.4 years) and credit history (2 years), and a prior default indicate high risk, leading to rejection.",
CASE_0052,REJECT,REJECT,REJECT,"High debt-to-income ratio (51.3%), very short employment (0.9 yr) and credit history (0.8 yr), and a prior default indicate the applicant does not meet typical lending criteria for the requested amount.","High debt-to-income ratio (51.3%), very short employment and credit histories (<1 year), and a prior default make the applicant high risk, leading to rejection.","High debt-to-income ratio (51.3%), very short employment (0.9 yr) and credit history (0.8 yr), a prior default, and a large loan request relative to income all indicate high risk, leading to rejection.",
CASE_0053,REJECT,REJECT,REJECT,"High debt-to-income ratio (58.5%), very short employment (0.4 yr) and credit history (0.7 yr), a prior default, and a loan amount far exceeding income indicate significant risk.","High debt-to-income ratio (58.5%), very short employment (0.4 yr) and credit history (0.7 yr), and a prior default indicate significant risk, leading to rejection.","High debt-to-income ratio, very short employment and credit history, and a prior default indicate high risk.",
CASE_0054,REJECT,REJECT,REJECT,"High debt-to-income ratio (59.8%), short employment (1.5 years) and credit history (2.4 years), and a prior default indicate significant risk, leading to rejection.","The applicant has a high debt-to-income ratio (59.8%), short employment (1.5 years) and credit history (2.4 years), and a prior default, which together indicate significant credit risk despite the income level.","High debt-to-income ratio (59.8%), short employment (1.5 years) and credit history (2.4 years), and a prior default indicate significant credit risk, leading to rejection.",
CASE_0055,REJECT,REJECT,REJECT,"High debt-to-income ratio (60.6%), short employment (0.7 yr) and credit history (1.3 yr), and a prior default indicate high risk.","High debt-to-income ratio (0.606), very short employment (0.7 yr) and credit history (1.3 yr), and a prior default indicate high risk, leading to rejection.","High debt-to-income ratio (60.6%), very short employment (0.7 yr) and credit history (1.3 yr), plus a prior default, indicate significant credit risk, leading to rejection.",
CASE_0056,REJECT,REJECT,REJECT,"The applicant has a high debt-to-income ratio (0.48), short employment (1.9 years) and credit history (1.1 years), and a prior default, indicating elevated credit risk.","High debt-to-income ratio (48%), short employment (1.9 yr) and credit histories (1.1 yr), and a prior default indicate high risk, leading to rejection.","High debt-to-income ratio (0.48), short employment (1.9 years) and credit history (1.1 years), and a prior default make the applicant high risk, leading to rejection.",
CASE_0057,REJECT,REJECT,REJECT,"High debt-to-income ratio (63.4%), very short employment (0.6 yr) and credit history (1.5 yr), and a prior default indicate significant risk.","The applicant has a high debt-to-income ratio (0.634), very short employment (0.6 years) and credit history (1.5 years), and a prior default, which collectively indicate significant credit risk.","High debt-to-income (63.4%), very short employment (0.6 yr) and credit history (1.5 yr), a prior default, and a large loan request relative to income lead to rejection.",
CASE_0058,REJECT,REJECT,REJECT,"High debt-to-income (50.4%), very short employment (0.4 yr) and credit history (1.8 yr), and a prior default make the applicant high risk.","High debt-to-income ratio, short employment and credit history, and a previous default indicate high risk","High debt-to-income ratio, short employment and credit history, and a prior default indicate high risk",
CASE_0059,REJECT,APPROVE,REJECT,"The debt-to-income ratio of 0.467 exceeds typical acceptable limits, and the short employment (1.7 years) and credit history (2.4 years) increase risk, making the requested loan amount too high relative to the applicant's financial profile.","The applicant has a moderate debt-to-income ratio (0.467), over a year of employment (1.7 years) and over two years of credit history (2.4 years) with no previous defaults, indicating sufficient repayment capacity for the requested amount.","High debt-to-income ratio (46.7%), short employment (1.7 years) and credit history (2.4 years) make the applicant risky despite no defaults.",
CASE_0060,REJECT,REJECT,REJECT,"The applicant has a high debt-to-income ratio (56.5%), very short employment (0.5 years) and credit history (1.1 years), and is requesting a loan amount far exceeding their monthly income, indicating insufficient financial stability.","The applicant has a high debt-to-income ratio (56.5%), very short employment (0.5 years) and credit history (1.1 years), which together indicate insufficient repayment capacity despite no prior defaults.",High debt-to-income ratio (56.5%) and very short employment (0.5 yr) and credit history (1.1 yr) indicate significant risk despite no prior defaults.,
CASE_0061,APPROVE,APPROVE,APPROVE,"Low debt-to-income (0.288), stable employment (4.2 yr) and credit history (4.7 yr), no defaults, and income appears sufficient to cover the requested $13,478.","Income is solid, DTI is low (0.288), stable employment (4.2 years) and credit history (4.7 years) with no defaults, supporting approval of the requested amount.","The applicant has a low debt-to-income ratio (28.8%), stable employment (4.2 years) and credit history (4.7 years), and no previous defaults, indicating sufficient repayment capacity for the requested amount.",
CASE_0062,REJECT,REJECT,REJECT,"Although the debt-to-income ratio (31.3%) and credit history length (3.4 years) are acceptable, the applicant has a previous default and only 2 years of employment, indicating higher credit risk.","The applicant has a prior default and relatively short credit history (3.4 years), which outweighs the acceptable debt-to-income ratio and employment length, leading to a rejection based on the provided financial facts.","The applicant has a prior default, a short credit history (3.4 years) and limited employment tenure (2 years), and the requested loan amount is large relative to the modest income, leading to a higher risk profile.",
CASE_0063,APPROVE,APPROVE,APPROVE,"Income and employment length are solid, DTI is moderate (32.3%), credit history is 3 years with no defaults, and the requested amount is proportionate to the applicant's financial profile.","Income and debt-to-income ratio are within acceptable ranges, employment and credit histories are several years long, and there are no previous defaults, supporting approval of the requested amount.","Debt-to-income ratio is within acceptable limits, employment and credit histories are sufficient, no defaults, and income supports the requested amount.",
CASE_0064,APPROVE,APPROVE,APPROVE,"Income and debt-to-income ratio (32.5%) are within typical acceptable limits, employment (3.3 years) and credit history (3.6 years) are stable, and there are no previous defaults, supporting approval of the requested amount.","Income is sufficient, debt-to-income ratio (32.5%) is within acceptable limits, employment and credit histories are stable (>3 years), and there are no previous defaults, making the requested amount reasonable to approve.","Income is stable, debt-to-income ratio is 32.5% (within typical acceptable limits), employment and credit histories exceed 3 years, and there are no previous defaults, supporting approval of the requested amount.",
CASE_0065,APPROVE,APPROVE,APPROVE,"Income is solid, DTI is 38.3% (below typical 43% threshold), stable employment and credit history of 4.5 years, and no prior defaults; the requested amount appears affordable given these metrics.","Income is solid, debt-to-income ratio is moderate (38.3%), employment and credit histories are each 4.5 years with no defaults, supporting approval of the requested amount.","The applicant has a debt-to-income ratio of 38.3% (below typical 43% threshold), solid 4.5-year employment and credit histories, and no previous defaults, indicating sufficient financial stability to approve the requested amount.",
CASE_0066,APPROVE,APPROVE,APPROVE,"DTI is 0.355 (below typical 0.36 threshold), no defaults, employment and credit histories exceed 3 years, supporting approval.","Income is sufficient, DTI is 35.5% (within typical acceptable range), employment and credit histories are over 3 years, no defaults, and the requested amount is reasonable relative to the applicant's financial profile.","The applicant has a stable income, a moderate debt-to-income ratio of 35.5%, over 3 years of employment, 4 years of credit history, and no previous defaults, indicating a solid financial profile for the requested amount.",
CASE_0067,REJECT,REJECT,APPROVE,"Although income, DTI, employment length, and credit history are acceptable, the presence of a previous default indicates higher credit risk, leading to rejection.","The applicant has a prior default, which is a significant negative factor despite a moderate debt-to-income ratio and reasonable employment and credit history; therefore the application is rejected.","The applicant has a low debt‑to‑income ratio (28.9%), adequate employment (2.8 years) and credit history (4.4 years). Although there is one prior default, the overall financial metrics indicate sufficient capacity to service the requested amount, supporting approval.",
CASE_0068,APPROVE,APPROVE,APPROVE,"The applicant has a low debt-to-income ratio (34.7%), stable employment (3.7 years) and credit history (3.6 years), and no previous defaults, making the financial profile acceptable for the requested amount.","Income is solid, debt‑to‑income ratio (34.7%) is within typical acceptable limits, employment and credit histories are over 3 years, there are no prior defaults, and the requested amount is reasonable relative to the applicant's financial profile.","Income and debt-to-income ratio (34.7%) are within typical acceptable limits, employment and credit histories exceed 3 years, and there are no previous defaults, supporting approval of the requested amount.",
CASE_0069,APPROVE,APPROVE,APPROVE,"The applicant has a moderate debt-to-income ratio (37.4%), no previous defaults, over 2 years of employment, and nearly 4 years of credit history, all of which meet typical approval criteria.","Income is sufficient, DTI is moderate (37.4%), employment and credit histories are stable, and there are no defaults; the requested amount is supported by these financial facts.","Income is adequate, debt-to-income ratio (37.4%) is within typical acceptable limits, employment history (2.4 years) and credit history (3.9 years) are sufficient, and there are no previous defaults, supporting approval of the requested amount.",
CASE_0070,APPROVE,APPROVE,APPROVE,"Income is sufficient, DTI is low (0.298), employment and credit histories are over 2 years, and there are no defaults, supporting approval of the requested amount.","Income is strong, debt-to-income ratio is low (0.298), employment and credit histories are sufficient, and there are no defaults, supporting approval of the requested amount.","The applicant has a low debt-to-income ratio (0.298), no previous defaults, and meets typical minimums for employment (2 years) and credit history (2.9 years), supporting approval.",
CASE_0071,APPROVE,APPROVE,APPROVE,"The applicant has a stable employment history (3.2 years) and credit history (4.2 years) with no defaults. The debt-to-income ratio of 0.43 is moderate but acceptable given the income and requested amount, supporting approval.","Income is solid, debt-to-income ratio is 43% (within typical acceptable limits), employment and credit histories exceed common minimums, and there are no prior defaults, supporting approval of the requested amount.","Income and credit history are solid, no defaults, employment >3 years, and while DTI is 43% (slightly high), it is within acceptable range for many lenders, supporting approval.",
CASE_0072,APPROVE,APPROVE,APPROVE,"Low debt-to-income (28.9%), stable employment (3 years), credit history (2.6 years) with no defaults, and sufficient income relative to the requested amount support approval.","Income and low debt-to-income ratio (0.289), stable employment (3 years) and credit history (2.6 years) with no defaults support approval of the requested amount.","The applicant has a low debt-to-income ratio (28.9%), stable employment (3 years), a credit history of 2.6 years with no defaults, and the requested amount is reasonable relative to income, indicating acceptable credit risk.",
CASE_0073,APPROVE,APPROVE,REJECT,"DTI is 44.6% (below typical 50% threshold), no defaults, credit history of 4.1 years and employment of 2.3 years are adequate, supporting approval of the requested amount.","DTI is 44.6% (below typical 50% threshold), no defaults, credit history of 4.1 years and employment of 2.3 years are adequate, and income supports the requested amount.","DTI of 44.6% exceeds typical acceptable threshold and employment history is only 2.3 years, indicating higher risk despite no defaults.",
CASE_0074,APPROVE,APPROVE,APPROVE,"Low debt-to-income ratio (0.298), stable employment (2.8 years), solid credit history (4.6 years) and no defaults support approval of the requested amount.","Income is sufficient, debt‑to‑income ratio is low (0.298), employment (2.8 years) and credit history (4.6 years) are stable, and there are no previous defaults; the requested amount is supported by these financial facts.","The applicant has a low debt-to-income ratio (29.8%), no previous defaults, a credit history of 4.6 years, and employment history of 2.8 years, all of which meet typical approval criteria.",
CASE_0075,APPROVE,APPROVE,APPROVE,"Applicant has no defaults, reasonable employment (2.8 years) and credit history (2.4 years), and a debt‑to‑income ratio of 0.432, which is within typical acceptable limits for the requested amount.","Income is solid, DTI is 0.432 (within typical acceptable limits), employment and credit histories exceed 2 years, no defaults, and the requested amount is reasonable relative to income.","Income is solid, DTI of 0.432 is within typical acceptable limits, employment (2.8 yr) and credit history (2.4 yr) are stable, no prior defaults, and the requested amount is reasonable relative to income.",
CASE_0076,APPROVE,APPROVE,APPROVE,"The applicant has a stable employment history (2.6 years), a solid credit history (3.8 years) with no defaults, a reasonable debt-to-income ratio (44.2%) and sufficient income relative to the requested amount, meeting typical loan criteria.","The applicant has a stable income, no defaults, a credit history of 3.8 years, and 2.6 years of employment. The debt‑to‑income ratio of 0.442 is just below common upper limits (often around 0.45), making the financial profile acceptable for approval.","All key risk factors are favorable: no defaults, sufficient employment (2.6 years) and credit history (3.8 years), and the requested amount is reasonable relative to income. The debt-to-income ratio of 0.442 is slightly above the most conservative thresholds but still within many lenders' acceptable range, leading to an overall approval.",
CASE_0077,APPROVE,APPROVE,REJECT,"Income is sufficient, DTI is below 50%, employment and credit histories exceed two years, and there are no defaults, supporting approval of the requested amount.","Income is stable, debt-to-income ratio is 45.6% (below 50%), employment and credit histories exceed 2 years, and there are no previous defaults, supporting approval of the requested amount.","The applicant has a high debt-to-income ratio (45.6%), short employment (2.8 years) and credit histories (2.3 years), and is requesting a loan amount that may exceed what their income and limited credit history can support.",
CASE_0078,APPROVE,APPROVE,APPROVE,"The applicant has a moderate income, a debt-to-income ratio of 0.424 (below typical 0.43 threshold), stable employment (3.9 years) and credit history (4.2 years), and no previous defaults, supporting approval of the requested amount.","Income is solid, DTI is 42.4% (below common 43% limit), employment and credit histories are stable, no defaults, and the requested amount is reasonable relative to income.","DTI is 42.4% (within typical acceptable limits), employment and credit histories exceed 3 years, no defaults, and income appears sufficient to support the requested amount.",
CASE_0079,APPROVE,APPROVE,APPROVE,"Income is sufficient, DTI is moderate (42%), employment and credit histories exceed 2 years, no defaults, and requested amount is reasonable relative to financial profile.","Debt-to-income ratio of 0.42 is within typical acceptable limits, employment (2.5 years) and credit history (2.3 years) meet minimum duration requirements, there are no previous defaults, and the income appears sufficient to support the requested amount.","The applicant has a solid income, a manageable debt-to-income ratio (0.42), stable employment (2.5 years) and credit history (2.3 years) with no defaults, supporting the requested loan amount.",
CASE_0080,APPROVE,APPROVE,APPROVE,"Income is sufficient, DTI is 0.396 (under typical 0.4 threshold), employment and credit histories are stable at 4.8 years, no defaults, and the requested amount is reasonable relative to income.","Income is $8107, DTI is 0.396 (debt less than half of income), employment and credit histories are each 4.8 years, and there are no previous defaults; the requested amount of $32460 is supported by these financial facts.","The applicant has a debt-to-income ratio of 39.6% (below typical thresholds), no previous defaults, and solid employment and credit histories of 4.8 years each, supporting the requested loan amount.",
CASE_0081,APPROVE,APPROVE,APPROVE,"Low debt-to-income (0.185), solid income, long employment (7.5 yr) and credit history (8.1 yr), and no defaults support approval.","Low debt-to-income (0.185), solid income, 7.5 years employment, 8.1 years credit history, no defaults, and requested amount is reasonable relative to income.","The applicant has a low debt-to-income ratio (0.185), long employment (7.5 years) and credit histories (8.1 years), and no previous defaults, indicating strong repayment capacity for the requested amount.",
CASE_0082,REJECT,REJECT,REJECT,"The applicant has a high debt-to-income ratio of 0.592, which exceeds typical acceptable limits, outweighing the positive factors of stable employment, long credit history, and no defaults.","The applicant has a high debt-to-income ratio of 0.592, exceeding typical acceptable limits, leading to a rejection despite good credit history and employment length.","High debt-to-income ratio (59.2%) exceeds typical thresholds despite good employment and credit history, leading to rejection.",
CASE_0083,REJECT,REJECT,REJECT,"The applicant's debt-to-income ratio of 0.546 is high and exceeds typical acceptable limits, leading to a rejection despite a clean default record and long employment/credit history.","The applicant has a high debt-to-income ratio of 0.546 and requests an amount (22254) that exceeds their income (12378), indicating a high repayment risk despite long employment and credit histories and no defaults.","The applicant has a high debt-to-income ratio of 0.546 and a low income relative to the requested amount, indicating significant repayment risk despite a long employment and credit history and no defaults.",
CASE_0084,APPROVE,APPROVE,APPROVE,"The applicant shows strong employment (12.7 years) and credit history (19.4 years), a moderate debt-to-income ratio (29.8%), and the single prior default is offset by the overall solid financial profile.","Income and low DTI, long employment and credit history outweigh the single prior default, supporting approval.","The applicant has a low debt-to-income ratio (29.8%), long employment (12.7 years) and credit history (19.4 years). While there is one prior default, the overall financial profile meets typical approval criteria, so the loan is approved.",
CASE_0085,APPROVE,APPROVE,APPROVE,"The applicant has a low debt-to-income ratio (0.278), long employment (12.1 years) and credit history (8.6 years), which outweigh the single prior default, leading to an overall acceptable financial profile.","Income is solid, DTI is low (27.8%), employment and credit histories are long, and only one prior default; the requested amount appears reasonable relative to these factors.","Income and low debt-to-income ratio, long employment and credit histories support repayment ability; a single prior default does not outweigh the overall strong financial profile.",
CASE_0086,APPROVE,APPROVE,APPROVE,"Low debt-to-income ratio (0.152), strong income, long employment (10.6 years) and credit history (17.7 years) outweigh the single previous default, supporting approval.","The applicant has a low debt-to-income ratio (0.152), long employment (10.6 years) and credit history (17.7 years), and only one prior default, indicating overall strong financial standing that supports approval.","Low debt-to-income ratio (0.152), long employment (10.6 years) and credit history (17.7 years) indicate strong repayment capacity; a single prior default is not enough to outweigh these positives, so the application is approved.",
CASE_0087,APPROVE,APPROVE,APPROVE,"The applicant shows strong financial stability: low debt-to-income ratio (0.219), long employment (10.5 years) and credit histories (10.9 years). Although there is one prior default, the overall profile is solid, supporting approval of the requested amount.","Low debt-to-income ratio (0.219), long employment (10.5 years) and credit history (10.9 years) indicate strong repayment capacity; despite one prior default, the overall financial profile meets typical approval criteria.","The applicant has a low debt-to-income ratio (0.219), long employment (10.5 years) and credit history (10.9 years), and only one prior default, which together meet typical approval criteria despite the requested amount.",
CASE_0088,APPROVE,APPROVE,APPROVE,"The applicant has a low debt-to-income ratio (0.164), no defaults, long employment (12 years) and credit history (13.8 years), and sufficient income, supporting approval of the requested amount.","Low debt-to-income ratio (0.164), high income, long employment (12 years) and credit history (13.8 years), and no previous defaults support approval of the requested amount.","Low debt-to-income ratio (16.4%), long employment (12 years) and credit history (13.8 years), no defaults, and sufficient income relative to the requested amount support approval.",
CASE_0089,APPROVE,APPROVE,APPROVE,"Low debt-to-income ratio (25.9%), stable employment (5.7 years), long credit history (15 years), and no defaults indicate strong creditworthiness, supporting approval of the requested amount.","Debt-to-income ratio is low (0.259), employment history (5.7 years) and credit history (15 years) are strong, no defaults, and income appears sufficient for the requested amount, supporting approval.","The applicant has a low debt-to-income ratio (0.259), long credit history (15 years) with no defaults, stable employment (5.7 years), and sufficient income relative to the requested amount, indicating acceptable credit risk.",
CASE_0090,APPROVE,APPROVE,APPROVE,"Income is high, DTI is low (0.164), employment (14.2 yr) and credit history (7.4 yr) are strong; the single previous default is outweighed by the overall strong financial profile.","The applicant has a high income, low debt‑to‑income ratio (0.164), long employment (14.2 years) and credit history (7.4 years). Although there is one prior default, the overall financial profile is strong, supporting approval of the $19,052 request.","The applicant has a low debt-to-income ratio (16.4%), long employment history (14.2 years), and a solid credit history length (7.4 years). Income appears sufficient to cover the requested amount, and despite one prior default, the overall financial profile is strong enough to merit approval.",
CASE_0091,APPROVE,APPROVE,REJECT,"The applicant has a low debt‑to‑income ratio (0.497), no previous defaults, and long employment (13.2 years) and credit (9.6 years) histories, supporting approval.","The applicant has a stable employment history (13.2 years), a long credit history (9.6 years) with no defaults, a moderate debt-to-income ratio (0.497), and sufficient income relative to the requested amount, supporting approval.","The applicant has a high debt-to-income ratio of 0.497 (≈50%), which exceeds typical acceptable thresholds, making the loan risky despite strong employment length, credit history, and no defaults.",
CASE_0092,APPROVE,APPROVE,APPROVE,"Low debt-to-income (15.5%), stable employment (5 years) and credit history (5.5 years) with no defaults support approval of the $51,407 request.","Low debt-to-income ratio, stable employment and credit history, no defaults, and sufficient income support the requested amount.","Low debt-to-income ratio (15.5%), stable employment (5 years) and credit history (5.5 years), no defaults, and sufficient income relative to the requested amount support approval.",
CASE_0093,APPROVE,APPROVE,APPROVE,"Low debt-to-income ratio (0.254), stable employment (6.7 years), long credit history (13.5 years), no defaults, and sufficient income support the requested amount.","Income is strong, debt-to-income ratio is low (25.4%), employment history is stable (6.7 years), credit history is long (13.5 years) with no defaults, supporting approval of the requested amount.","The applicant has a low debt-to-income ratio (0.254), long credit (13.5 years) and employment histories (6.7 years), no previous defaults, and sufficient income relative to the requested amount, indicating strong repayment capacity.",
CASE_0094,REJECT,REJECT,REJECT,"The applicant has a high debt-to-income ratio of 0.591, indicating debt payments consume a large portion of income, and the requested loan amount exceeds what the modest income can comfortably support, leading to a rejection despite long employment and credit histories and no defaults.","The debt-to-income ratio of 0.591 is high and likely exceeds acceptable limits, and the requested amount of 26020 is large relative to the income of 12015, leading to a rejection despite strong employment and credit history.","The applicant has a high debt-to-income ratio of 0.591, indicating debt burden exceeds typical acceptable levels, and the requested loan amount is large relative to the modest income of 12015. Despite a solid employment and credit history, the financial risk is too high, leading to a rejection.",
CASE_0095,APPROVE,APPROVE,APPROVE,"Low debt-to-income ratio (0.155), solid employment (6.4 years) and credit history (6.2 years), no defaults, and sufficient income relative to the requested amount support approval.","Income is strong, DTI is low (0.155), stable employment and credit history (>6 years each), and no defaults; the requested amount is reasonable relative to these factors.","Low debt-to-income ratio (0.155), stable employment (6.4 years) and credit history (6.2 years), no previous defaults, and sufficient income relative to the requested amount indicate a strong financial profile, supporting approval.",
CASE_0096,APPROVE,APPROVE,APPROVE,"The applicant has a low debt‑to‑income ratio (24.5%), long employment (13.8 years) and credit history (9 years), which outweigh the single previous default, supporting approval of the $20,668 request.","The applicant has a low debt-to-income ratio (0.245), long employment (13.8 years) and credit history (9 years), which outweigh the single previous default, supporting approval.","The applicant has a low debt-to-income ratio (24.5%), long employment (13.8 years) and credit history (9 years), and sufficient income relative to the requested amount. Although there is one prior default, the overall financial profile is strong enough to merit approval.",
CASE_0097,APPROVE,APPROVE,APPROVE,"Low debt-to-income ratio (0.175), no defaults, solid employment (6.9 years) and credit history (12.1 years), and income appears sufficient relative to the requested amount","Low debt-to-income ratio (0.175), stable employment (6.9 years), long credit history (12.1 years), and no previous defaults indicate strong creditworthiness, supporting approval of the requested amount.","The applicant has a low debt-to-income ratio (0.175), solid employment history (6.9 years), long credit history (12.1 years), no previous defaults, and sufficient income relative to the requested amount, indicating strong repayment capacity.",
CASE_0098,APPROVE,APPROVE,APPROVE,"Low debt-to-income (0.157), solid income, long employment (9.3 yr) and credit history (5.4 yr), and no defaults support approval.","Low debt-to-income (15.7%), long employment (9.3 yr) and credit history (5.4 yr) with no defaults indicate strong repayment capacity for the $50,289 request.","Low debt-to-income ratio (0.157), solid employment (9.3 years) and credit history (5.4 years), no previous defaults, and sufficient income relative to the requested amount support approval.",
CASE_0099,REJECT,REJECT,REJECT,"The applicant has a high debt-to-income ratio of 0.565 and is requesting an amount (25405) that exceeds their income (13305), indicating a high repayment risk despite solid employment and credit history.","The applicant's debt-to-income ratio is 56.5%, which is high, and the requested loan amount (25405) exceeds the annual income (13305), indicating insufficient repayment capacity.","The applicant has a high debt-to-income ratio of 0.565, indicating significant debt relative to income, which outweighs the positive factors (long employment and credit histories, no defaults) and leads to a rejection.",
CASE_0100,REJECT,REJECT,REJECT,"The applicant has a high debt-to-income ratio of 0.535, which exceeds typical acceptable limits, leading to a rejection despite strong employment and credit history.","The debt-to-income ratio of 0.535 is high and exceeds typical acceptable limits, leading to a rejection despite strong employment, credit history, and no defaults.","High debt-to-income ratio (0.535) exceeds typical acceptable limits, indicating repayment risk despite long employment and credit histories.",
