case_id,income,debt_to_income,employment_years,credit_history_years,previous_defaults,requested_amount,case_type,risk_score,risk_band,reference_decision
CASE_0061,7254,0.288,4.2,4.7,0,13478,BORDERLINE,0,LOW,APPROVE
CASE_0062,3332,0.313,2.0,3.4,1,33281,BORDERLINE,4,HIGH,REJECT
CASE_0063,4169,0.323,3.4,3.0,0,31126,BORDERLINE,1,LOW,APPROVE
CASE_0064,4048,0.325,3.3,3.6,0,12993,BORDERLINE,1,LOW,APPROVE
CASE_0065,7986,0.383,4.5,4.5,0,29649,BORDERLINE,1,LOW,APPROVE
CASE_0066,3320,0.355,3.1,4.0,0,12927,BORDERLINE,1,LOW,APPROVE
CASE_0067,5575,0.289,2.8,4.4,1,28031,BORDERLINE,3,MEDIUM,REJECT
CASE_0068,6547,0.347,3.7,3.6,0,12192,BORDERLINE,1,LOW,APPROVE
CASE_0069,6096,0.374,2.4,3.9,0,22205,BORDERLINE,1,LOW,APPROVE
CASE_0070,7084,0.298,2.0,2.9,0,26447,BORDERLINE,1,LOW,APPROVE
CASE_0071,7819,0.43,3.2,4.2,0,28220,BORDERLINE,1,LOW,APPROVE
CASE_0072,5362,0.289,3.0,2.6,0,20465,BORDERLINE,1,LOW,APPROVE
CASE_0073,7970,0.446,2.3,4.1,0,33041,BORDERLINE,1,LOW,APPROVE
CASE_0074,4908,0.298,2.8,4.6,0,29358,BORDERLINE,0,LOW,APPROVE
CASE_0075,8907,0.432,2.8,2.4,0,15206,BORDERLINE,2,MEDIUM,APPROVE
CASE_0076,6027,0.442,2.6,3.8,0,26781,BORDERLINE,1,LOW,APPROVE
CASE_0077,7416,0.456,2.8,2.3,0,28264,BORDERLINE,3,MEDIUM,REJECT
CASE_0078,8250,0.424,3.9,4.2,0,18341,BORDERLINE,1,LOW,APPROVE
CASE_0079,7756,0.42,2.5,2.3,0,28456,BORDERLINE,2,MEDIUM,APPROVE
CASE_0080,8107,0.396,4.8,4.8,0,32460,BORDERLINE,1,LOW,APPROVE
CASE_0001,5803,0.134,13.0,9.2,0,6700,CLEAR_APPROVE,0,LOW,APPROVE
CASE_0002,11966,0.183,8.9,9.4,0,14904,CLEAR_APPROVE,0,LOW,APPROVE
CASE_0003,10891,0.11,7.9,14.9,0,16202,CLEAR_APPROVE,0,LOW,APPROVE
CASE_0004,8950,0.224,11.8,13.4,0,10088,CLEAR_APPROVE,0,LOW,APPROVE
CASE_0005,8897,0.195,6.4,16.8,0,15265,CLEAR_APPROVE,0,LOW,APPROVE
CASE_0006,12728,0.214,7.0,15.0,0,6900,CLEAR_APPROVE,0,LOW,APPROVE
CASE_0007,5773,0.153,5.1,11.1,0,3426,CLEAR_APPROVE,0,LOW,APPROVE
CASE_0008,11277,0.246,12.9,17.2,0,3735,CLEAR_APPROVE,0,LOW,APPROVE
CASE_0009,6813,0.234,11.6,7.5,0,10046,CLEAR_APPROVE,0,LOW,APPROVE
CASE_0010,5847,0.217,12.1,5.3,0,18247,CLEAR_APPROVE,0,LOW,APPROVE
CASE_0011,9738,0.129,12.8,6.4,0,4296,CLEAR_APPROVE,0,LOW,APPROVE
CASE_0012,13781,0.17,9.6,15.8,0,10204,CLEAR_APPROVE,0,LOW,APPROVE
CASE_0013,11622,0.107,10.7,11.9,0,14673,CLEAR_APPROVE,0,LOW,APPROVE
CASE_0014,11851,0.123,6.4,7.4,0,5642,CLEAR_APPROVE,0,LOW,APPROVE
CASE_0015,11458,0.202,6.1,12.5,0,14989,CLEAR_APPROVE,0,LOW,APPROVE
CASE_0016,12075,0.212,11.7,7.3,0,7507,CLEAR_APPROVE,0,LOW,APPROVE
CASE_0017,9619,0.245,9.7,15.4,0,16556,CLEAR_APPROVE,0,LOW,APPROVE
CASE_0018,6153,0.149,10.7,11.7,0,12426,CLEAR_APPROVE,0,LOW,APPROVE
CASE_0019,12558,0.156,12.6,10.7,0,11844,CLEAR_APPROVE,0,LOW,APPROVE
CASE_0020,9053,0.17,11.3,9.5,0,5182,CLEAR_APPROVE,0,LOW,APPROVE
CASE_0021,9503,0.128,10.5,14.5,0,10338,CLEAR_APPROVE,0,LOW,APPROVE
CASE_0022,8337,0.119,10.6,10.4,0,17419,CLEAR_APPROVE,0,LOW,APPROVE
CASE_0023,6643,0.171,8.0,6.3,0,2351,CLEAR_APPROVE,0,LOW,APPROVE
CASE_0024,13341,0.134,5.3,6.8,0,15654,CLEAR_APPROVE,0,LOW,APPROVE
CASE_0025,12034,0.2,9.4,19.4,0,10870,CLEAR_APPROVE,0,LOW,APPROVE
CASE_0026,10795,0.166,7.1,18.6,0,14951,CLEAR_APPROVE,0,LOW,APPROVE
CASE_0027,8622,0.225,9.1,15.5,0,13940,CLEAR_APPROVE,0,LOW,APPROVE
CASE_0028,12405,0.205,13.5,9.0,0,9778,CLEAR_APPROVE,0,LOW,APPROVE
CASE_0029,9909,0.147,7.3,19.5,0,7556,CLEAR_APPROVE,0,LOW,APPROVE
CASE_0030,8991,0.225,5.6,16.7,0,13292,CLEAR_APPROVE,0,LOW,APPROVE
CASE_0031,2529,0.464,0.9,0.9,1,59811,CLEAR_REJECT,10,VERY_HIGH,REJECT
CASE_0032,4837,0.642,1.7,1.7,0,51111,CLEAR_REJECT,4,HIGH,REJECT
CASE_0033,2292,0.552,1.7,2.2,1,54430,CLEAR_REJECT,8,VERY_HIGH,REJECT
CASE_0034,5179,0.609,0.8,0.9,1,53580,CLEAR_REJECT,9,VERY_HIGH,REJECT
CASE_0035,5070,0.476,1.9,1.1,0,58570,CLEAR_REJECT,5,HIGH,REJECT
CASE_0036,2239,0.552,0.7,2.1,0,28684,CLEAR_REJECT,5,HIGH,REJECT
CASE_0037,5739,0.553,1.1,2.4,1,55858,CLEAR_REJECT,7,VERY_HIGH,REJECT
CASE_0038,3962,0.638,0.7,1.5,1,27329,CLEAR_REJECT,8,VERY_HIGH,REJECT
CASE_0039,5892,0.569,1.9,0.8,1,41640,CLEAR_REJECT,8,VERY_HIGH,REJECT
CASE_0040,2016,0.55,0.5,0.5,1,45805,CLEAR_REJECT,10,VERY_HIGH,REJECT
CASE_0041,2733,0.511,0.3,1.0,1,37525,CLEAR_REJECT,9,VERY_HIGH,REJECT
CASE_0042,4369,0.523,1.0,0.8,1,30116,CLEAR_REJECT,8,VERY_HIGH,REJECT
CASE_0043,2778,0.559,2.0,1.9,1,31730,CLEAR_REJECT,6,VERY_HIGH,REJECT
CASE_0044,3515,0.543,1.8,0.7,0,53864,CLEAR_REJECT,5,HIGH,REJECT
CASE_0045,5235,0.464,1.5,1.5,0,36155,CLEAR_REJECT,4,HIGH,REJECT
CASE_0046,2551,0.617,1.8,1.9,1,35862,CLEAR_REJECT,7,VERY_HIGH,REJECT
CASE_0047,5324,0.63,1.8,1.7,1,57318,CLEAR_REJECT,7,VERY_HIGH,REJECT
CASE_0048,2337,0.487,1.1,0.9,0,30035,CLEAR_REJECT,5,HIGH,REJECT
CASE_0049,2711,0.565,0.8,2.1,1,57035,CLEAR_REJECT,9,VERY_HIGH,REJECT
CASE_0050,4856,0.481,1.6,1.9,1,57234,CLEAR_REJECT,7,VERY_HIGH,REJECT
CASE_0051,5926,0.588,1.4,2.0,1,45950,CLEAR_REJECT,7,VERY_HIGH,REJECT
CASE_0052,2687,0.513,0.9,0.8,1,30793,CLEAR_REJECT,9,VERY_HIGH,REJECT
CASE_0053,3360,0.585,0.4,0.7,1,30455,CLEAR_REJECT,9,VERY_HIGH,REJECT
CASE_0054,6611,0.598,1.5,2.4,1,34965,CLEAR_REJECT,7,VERY_HIGH,REJECT
CASE_0055,6947,0.606,0.7,1.3,1,45210,CLEAR_REJECT,9,VERY_HIGH,REJECT
CASE_0056,4822,0.48,1.9,1.1,1,30376,CLEAR_REJECT,8,VERY_HIGH,REJECT
CASE_0057,4125,0.634,0.6,1.5,1,40948,CLEAR_REJECT,8,VERY_HIGH,REJECT
CASE_0058,3604,0.504,0.4,1.8,1,29042,CLEAR_REJECT,8,VERY_HIGH,REJECT
CASE_0059,4985,0.467,1.7,2.4,0,43910,CLEAR_REJECT,4,HIGH,REJECT
CASE_0060,4873,0.565,0.5,1.1,0,25740,CLEAR_REJECT,6,VERY_HIGH,REJECT
CASE_0081,8813,0.185,7.5,8.1,0,42825,CONFLICTING,0,LOW,APPROVE
CASE_0082,13768,0.592,10.5,12.0,0,12955,CONFLICTING,2,MEDIUM,APPROVE
CASE_0083,12378,0.546,14.5,17.1,0,22254,CONFLICTING,2,MEDIUM,APPROVE
CASE_0084,7979,0.298,12.7,19.4,1,14398,CONFLICTING,3,MEDIUM,REJECT
CASE_0085,7829,0.278,12.1,8.6,1,16129,CONFLICTING,3,MEDIUM,REJECT
CASE_0086,7226,0.152,10.6,17.7,1,19664,CONFLICTING,3,MEDIUM,REJECT
CASE_0087,9067,0.219,10.5,10.9,1,16764,CONFLICTING,3,MEDIUM,REJECT
CASE_0088,8691,0.164,12.0,13.8,0,54533,CONFLICTING,0,LOW,APPROVE
CASE_0089,6419,0.259,5.7,15.0,0,35599,CONFLICTING,0,LOW,APPROVE
CASE_0090,7955,0.164,14.2,7.4,1,19052,CONFLICTING,3,MEDIUM,REJECT
CASE_0091,9445,0.497,13.2,9.6,0,10291,CONFLICTING,2,MEDIUM,APPROVE
CASE_0092,6444,0.155,5.0,5.5,0,51407,CONFLICTING,0,LOW,APPROVE
CASE_0093,8030,0.254,6.7,13.5,0,41122,CONFLICTING,0,LOW,APPROVE
CASE_0094,12015,0.591,13.2,16.1,0,26020,CONFLICTING,2,MEDIUM,APPROVE
CASE_0095,9190,0.155,6.4,6.2,0,52435,CONFLICTING,0,LOW,APPROVE
CASE_0096,10779,0.245,13.8,9.0,1,20668,CONFLICTING,3,MEDIUM,REJECT
CASE_0097,8673,0.175,6.9,12.1,0,48064,CONFLICTING,0,LOW,APPROVE
CASE_0098,8747,0.157,9.3,5.4,0,50289,CONFLICTING,0,LOW,APPROVE
CASE_0099,13305,0.565,8.4,8.2,0,25405,CONFLICTING,2,MEDIUM,APPROVE
CASE_0100,10258,0.535,13.3,15.3,0,29601,CONFLICTING,2,MEDIUM,APPROVE
