case_id,case_type,v5_priority,v3_flip,v4_flip,instability_score
CASE_0061,BORDERLINE,RANDOM,False,False,0
CASE_0062,BORDERLINE,RANDOM,False,False,0
CASE_0067,BORDERLINE,HIGH,True,True,2
CASE_0070,BORDERLINE,RANDOM,False,False,0
CASE_0073,BORDERLINE,HIGH,True,True,2
CASE_0009,CLEAR_APPROVE,RANDOM,False,False,0
CASE_0016,CLEAR_APPROVE,RANDOM,False,False,0
CASE_0018,CLEAR_APPROVE,RANDOM,False,False,0
CASE_0024,CLEAR_APPROVE,RANDOM,False,False,0
CASE_0028,CLEAR_APPROVE,RANDOM,False,False,0
CASE_0035,CLEAR_REJECT,HIGH,True,False,1
CASE_0040,CLEAR_REJECT,RANDOM,False,False,0
CASE_0041,CLEAR_REJECT,RANDOM,False,False,0
CASE_0057,CLEAR_REJECT,RANDOM,False,False,0
CASE_0059,CLEAR_REJECT,HIGH,True,True,2
CASE_0081,CONFLICTING,RANDOM,False,False,0
CASE_0082,CONFLICTING,RANDOM,False,False,0
CASE_0084,CONFLICTING,HIGH,True,False,1
CASE_0090,CONFLICTING,RANDOM,False,False,0
CASE_0091,CONFLICTING,HIGH,True,True,2
